station,y2014,y2015,y2016,y2017,y2018,y2019,y2020,y2021,y2022,name,city,lon,lat,contrast
1013A,,,,,,,,,,市监测中心(停运150702),天津,117.151,39.097,Y
1014A,,72.03991757265638,67.2031627340603,,,,,,,南口路(停运161122),天津,117.193,39.173,Y
1015A,,68.05000435348478,72.42538365009008,65.56423642534686,54.76012347457404,55.49861616881808,49.54789237846427,42.18874894919583,38.42213219743533,勤俭道,天津,117.1444,39.1661,N
1016A,,70.85240709478893,,,,,,,,南京路(停运160601),天津,117.184,39.1205,Y
1017A,,67.41723483892854,71.13894016047337,65.19832837031986,53.69760972484233,53.183824436410156,49.208774875488665,40.612583247822315,37.080448902606335,大直沽八号路,天津,117.237,39.1082,N
1018A,,71.96803567206827,71.76992222531818,66.066305843652,52.25044936014848,51.88371626070729,50.73058081119238,39.260527743195794,36.506398261405664,前进道,天津,117.202,39.0927,N
1019A,,75.56277808564516,75.74647132801682,66.08346779111555,54.86963615718653,54.108164082858025,49.38040902310368,43.383373264026694,40.62182784535508,淮河道,天津,117.1837,39.2133,N
1020A,,,,,,,,,,天山路(停运150702),天津,117.269,39.1337,Y
1021A,,67.91859718405313,67.80850038390317,63.648045592582015,53.9207586383128,51.95198649880358,47.78455291939664,41.131300263293895,36.677565173249135,跃进路,天津,117.307,39.0877,N
1022A,,,,,,,,,,梅江小区(停运150702),天津,117.221,39.06,Y
1023A,,74.90367129244997,62.91407779379459,61.291761410916216,51.91189455822476,51.25306962722572,50.318284268349096,40.182285933006305,36.9914495424046,第四大街,天津,117.707,39.0343,N
1024A,,70.74303727634043,66.15525196751547,63.26630054857769,52.15373997809118,50.521787206991284,47.682997755219134,40.64936779453638,37.79314226506389,永明路,天津,117.457,38.8394,N
1025A,,66.83714608186712,69.65352662232328,,,,,,,航天路(停运170426),天津,117.401,39.124,Y
1026A,,62.85045678816031,56.93428984630163,57.38033760579146,48.58515773759038,49.011048053049244,45.83377297157951,37.852267083654894,35.54193593828974,汉北路,天津,117.764,39.1587,N
1027A,,84.2258167755446,84.62273078113957,72.1625744999135,60.47869860331161,56.45509718240751,52.90946379371863,39.263611678904404,35.96111472419215,团泊洼(对照点),天津,117.157,38.9194,Y
1028A,,,,,,,,,,化工学校(停运150703),石家庄,114.5637,38.0549,Y
1029A,,82.62959136313842,96.63764905222024,86.10626527640407,70.03270644506244,61.31581685527648,56.92509399772455,49.88599672972874,47.15231533760331,职工医院,石家庄,114.4422,38.0444,N
1030A,,88.53047368334488,100.7953661174227,88.11200921610515,71.613738367634,63.95484601032031,60.392588938866204,47.029370729148425,46.28928140268204,高新区,石家庄,114.6063,38.0266,N
1031A,,96.7460254581446,98.99801606694533,91.2371701478265,79.14223996294196,63.78463036193658,59.40970669965518,47.56469773318434,45.71465653479463,西北水源,石家庄,114.4898,38.1328,N
1032A,,82.80478126931905,99.03097771087228,86.16457944742211,67.1155906709762,66.30341099671314,58.834958134411536,48.81000846686144,47.95996895944699,西南高教,石家庄,114.4586,38.0058,N
1033A,,91.8950173318565,105.26254831008444,81.05291161823463,71.23666663272256,60.27614167030363,55.76482099928325,47.259978465409404,47.18447086143105,世纪公园,石家庄,114.5331,38.0178,N
1034A,,87.53111234796948,102.43414789626642,90.31638622422567,75.2844850925954,64.25832418721147,58.74665677827908,49.69435034871098,47.52390584910758,人民会堂,石家庄,114.509,38.0457,N
1035A,,76.11271066112239,64.306162649753,52.64932787708434,52.31020759899821,44.27990413236927,45.02112562941671,39.31214062526944,36.86127315054137,封龙山(对照点),石家庄,114.3524,37.8911,Y
1036A,,80.85309536429509,69.54928553766993,61.75437910444803,59.19568006248657,53.2642875301371,,,,供销社(停运200110),唐山,118.1662,39.6308,Y
1037A,,84.38055518002685,75.44958998625876,65.1780151682151,58.73234193908415,53.11489000457123,48.206617481568806,42.72990960661038,38.790272169562265,雷达站,唐山,118.131,39.6363,N
1038A,,80.73209534117025,70.41594733562468,65.59887367246971,60.12271187697808,52.96936232669112,50.97300783024279,42.76096524638525,38.04096099499685,物资局,唐山,118.1725,39.6334,N
1039A,,85.78252968981641,73.27556710421243,68.74155509619091,63.35153983218253,54.02067909250503,,,,陶瓷公司(停运200109),唐山,118.2185,39.6679,Y
1040A,,87.64648729420493,80.09582923173568,71.80866899186113,61.40129754344261,57.63356402459306,51.11099577256185,49.386803708578825,38.98741969437853,十二中,唐山,118.1705,39.6506,N
1041A,,88.31615010898724,76.08469681745873,67.99697147670472,61.672829175732105,53.93452860417979,47.491706030710134,41.424272152640626,35.26319272422213,小山,唐山,118.1869,39.622,N
1042A,,48.57180460870657,42.354153738913354,40.05888132412335,31.060221885956633,39.895594259254544,32.39527483705522,33.23902046623109,26.09163363815454,北戴河环保局,秦皇岛,119.5134,39.8207,N
1043A,,48.74152501770263,48.067535946083424,41.701050406183406,36.85786287883073,40.59642624677636,33.723349290202286,38.16016205691743,30.207984199759,第一关,秦皇岛,119.7493,40.0116,N
1044A,,47.835255919682396,48.978482026979584,46.97723573276869,46.10361206594226,44.16420496403334,37.67113526305298,36.61175690655024,29.46566020904255,监测站,秦皇岛,119.5897,39.9499,N
1045A,,48.48425569833584,46.13067817741818,40.1459910913399,,,,,,市政府,秦皇岛,119.525974,39.894677,N
1046A,,43.067935020600295,46.82066447664058,48.60933545637035,43.53745482531257,42.43624345071223,34.000722992403475,35.148825455236334,27.639240468129373,建设大厦,秦皇岛,119.5251,39.9041,N
1047A,,85.97474008310071,79.42742916623976,80.59042722897142,70.97698465515138,67.57882664675557,57.09866328982077,,,环保局,邯郸,114.5129,36.61763,N
1048A,,92.72000564184825,81.32931911491826,89.25403604221184,66.43616414104028,63.42929718178408,54.456651101881846,48.3482701964156,52.3701332579033,东污水处理厂,邯郸,114.5302,36.6116,N
1049A,,95.29089343805138,89.77094616008632,88.13719172313188,75.98504184915068,68.671404918838,58.09363318704685,48.784335101504325,52.943605217680734,矿院,邯郸,114.4918,36.5713,N
1050A,,86.93734601516755,77.4207476623194,86.82102104797941,66.0880759021466,63.37354335240831,57.20412981533682,45.81114617752751,50.96279913381331,丛台公园,邯郸,114.484,36.6133,N
1051A,,106.72657617036893,89.98960626020072,84.62605935050787,66.3515845087181,56.55775049385207,50.233547629271314,45.36923888046238,45.54213432465851,游泳馆,保定,115.493,38.8632,N
1052A,,113.14555952184612,97.94798839489397,84.41771609401619,66.04588078680422,54.751117273111376,50.809139912614015,44.028605498042474,45.533649613096365,华电二区,保定,115.5213,38.8959,N
1053A,,98.50951672993912,93.28522779927498,84.84728775614444,70.95582160347321,59.679528819730045,50.63490145758195,42.72326944848452,41.7024496164215,接待中心,保定,115.4713,38.9108,N
1054A,,105.25854101550968,92.39880190595008,89.09380035972005,69.94830852587474,61.91537194824263,53.75793896279757,44.55829914447815,42.08476073333668,地表水厂,保定,115.4612,38.8416,N
1055A,,99.73283939885205,88.42755488734882,79.9949234739166,63.924270705870434,60.8996393758185,48.803805153155,42.07697827910198,41.37152839295846,胶片厂,保定,115.4323,38.8697,N
1056A,,109.07738720616142,94.14964700019655,83.3348397096908,65.7167032276002,56.62646609442277,47.83918377503608,40.90433527165808,45.65993244379895,监测站,保定,115.5086,38.8639,N
1057A,,37.16701460392594,34.770051251941396,32.96361753612828,29.56369970435435,22.302893655382853,20.519046642664104,25.818518083908785,15.286160537609394,人民公园,张家口,114.8883,40.8336,N
1058A,,32.22792693357211,27.20137396215265,36.98111411157172,,,,,,探机厂,张家口,114.892,40.79481,Y
1059A,,30.637059252155574,30.598582134292407,28.04280626736131,29.681012072514655,24.928386951947843,24.470283581273872,27.807604149370288,20.510290537764668,五金库,张家口,114.8687,40.8042,N
1060A,,36.261637359242044,34.783676996956906,33.33339781062729,34.001620082867966,29.765110774026333,27.912179071365,32.066847346855894,21.83642859301157,世纪豪园,张家口,114.8902,40.762,N
1061A,,34.42333529360419,32.6165641491443,39.31534127974415,35.38359327623131,27.691462345327704,24.038475973571565,29.012289349549672,23.50423503005921,北泵房(对照点),张家口,114.8916,40.8661,Y
1062A,,41.59053771912164,37.46508421862608,31.494641977122562,29.393972146342026,30.388364809306204,29.43350066148087,31.91103468470992,26.396985567282233,铁路,承德,117.9531,40.9081,N
1063A,,41.461661203494764,39.80483881078252,33.959307930364574,31.759150428957977,29.832252222050137,26.645249089526008,30.999479399326212,23.81714269011342,中国银行,承德,117.9392,40.9763,N
1064A,,46.438927310974684,43.505209297871716,42.159290176386605,37.48328355013256,31.097975216271095,27.85575500382374,30.34549277650304,25.855671863687142,开发区,承德,117.9503,40.928,N
1065A,,41.360832560477824,38.26231757701292,32.71775650431595,31.314838736575275,27.83444953428711,25.96746897255298,31.30328488891995,28.50879760873667,文化中心,承德,117.8051,40.9655,N
1066A,,37.331703271675046,33.808827789736334,31.351006296189308,30.908088644080827,28.624141017090132,27.585230517011976,32.90423228629355,25.291605919873078,离宫(对照点),承德,117.9268,41.0026,Y
1067A,,84.04210873008864,64.33844815481037,60.85691432040537,55.07315848744926,47.52758283107959,42.68344611925211,40.51147296206109,37.11143593875197,药材公司,廊坊,116.6708,39.5111,N
1068A,,91.92538165622554,63.73743780647652,59.267019456476426,52.56530929260579,47.81060198880884,42.27190018765574,37.479022923969275,35.606104642888596,开发区,廊坊,116.7214,39.5589,N
1069A,,84.48791646540052,,,,,,,,环境监测监理中心,廊坊,116.715,39.5571,Y
1070A,,80.83969503357301,68.01513341443099,60.86076236384876,53.54913628101406,45.94688017061065,42.57162393048776,39.233971521098645,39.22990930899465,北华航天学院,廊坊,116.7244,39.5269,N
1071A,,71.29088609084852,68.16493466422168,66.6527850024237,57.52996852645066,51.31265831058864,47.51400231102265,42.06347609347346,39.83728645625832,沧县城建局,沧州,116.8842,38.2991,N
1072A,,73.69064518003078,70.79108657077951,65.0399514659964,57.37428293575412,47.70934354761186,45.73879460825681,39.735273653322125,36.6329759948457,电视转播站,沧州,116.8584,38.3254,N
1073A,,62.627116780328315,67.94430995546782,68.41876760572735,62.38518289509077,50.363777698888995,48.11378526464326,41.44503445875843,39.519572918254255,市环保局,沧州,116.8709,38.3228,N
1074A,,95.36735898302862,86.32799474010231,72.60422546223869,59.953045815811265,54.7642781171548,50.53977180718559,40.95360077762229,44.76081529108038,电机北厂,衡水,115.6838,37.7541,N
1075A,,96.40575015433366,91.00248080259044,79.3145668036022,61.83573634889181,58.09083578377921,51.966128635638896,45.231670585814456,43.277913558168116,市监测站,衡水,115.6303,37.7316,N
1076A,,103.07424641793084,86.96132914128391,80.21677253713298,62.0294867845199,,,,,市环保局,衡水,115.6906,37.739,Y
1077A,,104.93446727557952,88.47924494464782,83.85283467793867,71.25429168540866,67.40383421848126,56.664731644917396,42.75268598840965,48.17233121355777,达活泉,邢台,114.4704,37.0886,N
1078A,,97.52112448154075,84.9340874910235,82.25236135950368,65.35550447586375,67.51465872670063,56.22719198171013,44.49972541461263,49.93475668558194,邢师高专,邢台,114.5062,37.0349,N
1079A,,98.72772676514097,95.11047834549467,86.38928557697956,69.6413086861961,60.36206557279939,48.88610459943788,47.87181643180375,47.3810044956584,路桥公司,邢台,114.5237,37.0851,N
1080A,,98.33143036154877,84.69746433684242,72.84708516414355,73.7449121103248,65.14563742950995,53.071715000385176,45.769820607988,52.86210749873647,市环保局,邢台,114.4725,37.0719,N
1081A,,61.167144017974174,65.71769283053179,67.55672562719876,61.06079593185863,52.32179126274039,50.961523641528366,46.48464463962279,43.61336217381289,尖草坪,太原,112.5139,37.8873,N
1082A,,58.206505776919215,,,,,,,,涧河,太原,112.573,37.9103,Y
1083A,,41.91718868990885,44.790221216336576,45.714960226949884,43.20705002205583,39.09205540963352,39.4979748539939,37.51554176932334,,上兰(对照点),太原,112.434,38.0108,Y
1084A,,60.866384384898595,69.1415707133862,75.12213942325454,71.99273253986595,65.11613296213092,58.249369051453655,51.63466140321731,47.45305863936837,晋源,太原,112.469,37.7124,N
1085A,,61.865348301223996,72.54548528811745,67.53800102906139,,59.231476171239606,60.536554510676346,51.99402368054777,48.60073243698018,小店,太原,112.5583,37.7394,N
1086A,,54.835070447396205,66.1284718575693,70.5034600611987,61.9204556574342,53.68694931138196,51.645537432567025,46.79829574461616,44.16329398908653,桃园,太原,112.5369,37.8692,N
1087A,,63.17345146273415,59.4254363796909,67.86407493389315,61.42420961213074,55.52157040367331,55.67902744501144,49.128526282426236,46.402855507378284,坞城,太原,112.57,37.8195,N
1088A,,58.955574675265225,60.14441857257294,58.76883490117436,56.42982991832562,56.64811528320502,48.32435893980685,42.81808542939759,41.24802413562544,南寨,太原,112.549,37.9854,N
1089A,,68.89739997676486,72.03468224466552,68.44006395753281,63.34060189188057,56.52135205294105,55.65773733136666,,,金胜,太原,112.4701,37.782,N
1090A,,43.9733281880377,40.14747317512269,44.257047136981136,39.73375734934912,42.6111257033082,47.3843314015898,37.67230495560442,27.242908055984838,呼市一监,呼和浩特,111.6507,40.7517,N
1091A,,47.29304329313649,41.96055528096693,41.801978689499634,35.259697969462394,36.18292660016645,42.46848186859427,34.23006035437395,24.748167003028396,小召,呼和浩特,111.6572,40.8033,N
1092A,,48.2400906740235,41.90958959261751,44.559922720324394,40.90416271739738,37.08985165287532,,,,兴松小区(停运200113),呼和浩特,111.659,40.8452,Y
1093A,,42.47345002016869,46.928581729441895,54.97039347129142,47.9698929436814,45.550814640093066,,,,糖厂(停运200113),呼和浩特,111.608,40.8144,Y
1094A,,44.082017489223,42.59371192186742,41.69313700732979,35.57773741949674,35.26191870296732,37.213987132487304,32.9071650315615,22.42333617164361,如意水处理厂,呼和浩特,111.7516,40.8369,N
1095A,,37.41444042405118,31.88755153106554,36.3309551058324,29.357049507273565,31.990271119849385,35.1305101768188,29.784756817061798,23.382016753294547,二十九中,呼和浩特,111.7276,40.8062,N
1096A,,44.11589008089465,43.786064499128265,45.63191380912804,42.032995237116886,39.89688402526005,47.11316168787185,34.92482341334703,25.266151861640548,工大金川校区,呼和浩特,111.5512,40.7866,N
1097A,,35.39475860930763,32.96187621049883,41.933025615802755,38.78029925526689,39.704046644338746,42.50368921959237,36.9099101407951,27.48874798083388,化肥厂生活区,呼和浩特,111.717,40.7612,N
1098A,,57.810263619006236,44.17776324965457,39.042529544912014,31.814221157677153,41.66083031804751,36.417067122317405,34.83054593971116,,森林路(对照点),沈阳,123.6836,41.9339,Y
1099A,,68.37608321405514,53.57622663573136,52.70270645790146,45.61406099375318,48.857195720238074,47.46531070179321,41.43301390620084,33.96887965389251,浑南东路,沈阳,123.505,41.7406,N
1100A,,71.80588150388844,55.15762797076555,55.09252148163832,43.371689132698116,45.11470832742066,43.67394164115869,37.0774126317107,31.40055774092075,新秀街,沈阳,123.4231,41.6989,N
1101A,,74.87042988475886,,,,,,,,沧海路,沈阳,123.284,41.7694,Y
1102A,,58.08556816949063,52.28451339095527,46.72393091806665,37.56103905748121,41.56622177670292,38.82553975907522,36.12932941027764,31.53333209301305,东陵路,沈阳,123.5903,41.8411,N
1103A,,75.96447056785428,56.50183734282199,49.48808609485099,37.83698785937315,40.52984258351834,41.0607368811481,35.225155968614345,29.302510729552253,陵东街,沈阳,123.4264,41.8467,N
1104A,,71.85839138033373,52.16532338963865,53.377613906366676,44.104093147716355,44.686004326027,42.71124587416101,40.40999093945558,35.182921618011505,文化路,沈阳,123.4114,41.7653,N
1105A,,71.37214084778032,57.0463433508695,49.33483584347838,41.81175196136253,42.58167356381505,40.7758369962123,35.81191014680717,30.73645862015443,小河沿,沈阳,123.4678,41.7867,N
1106A,,76.2723103566067,54.89983618914784,49.66041917144081,43.72660407092403,44.92983336158849,43.506952689244244,40.03152740051092,35.04951058870844,太原街,沈阳,123.4017,41.7972,N
1107A,,75.27550253744364,,,,,,,,南十东路,沈阳,123.3606,41.7806,Y
1108A,,72.0007600569951,57.292627402989496,51.897200293215334,40.52771732140992,40.55000530693806,37.626790624707205,38.572612183932264,33.82839348718799,京沈街,沈阳,123.3783,41.9228,N
1109A,,50.98474715380512,44.64066124825758,38.82266553549726,33.44592324551635,37.05047387805684,33.61112494863793,29.648351104402437,26.8639464007332,甘井子,大连,121.612,38.9741,N
1110A,,52.82036064381407,41.60552596679111,36.70374525423853,34.478297823037344,36.97775158533594,32.989545625063336,29.837112119241876,23.946501453481098,周水子,大连,121.565,38.9511,N
1111A,,50.50629399968595,39.60526409759521,34.29394434422581,30.50159134968781,36.439788458356276,28.591777567124264,28.833170537441745,27.9635539369491,星海三站,大连,121.5637,38.8845,N
1112A,,44.368375389324804,34.524653528161146,31.304410307326936,34.01676443333104,38.0124420823083,32.284176654811645,29.262456450930923,22.88922026914811,青泥洼桥,大连,121.6302,38.9117,N
1113A,,41.30516908609362,33.36366176491082,30.41352495961672,26.39125248234123,35.76576225134596,26.13763586480403,25.614360107791423,21.820724652595175,傅家庄,大连,121.6251,38.8638,N
1114A,,44.76108912111036,39.20790296428185,31.53050666896095,26.07508202034744,29.07402371986996,26.200065257297755,26.570739506817336,21.160837064108886,七贤岭,大连,121.5213,38.8661,N
1115A,,44.61216211012375,36.76365080615115,32.57185101390952,26.994331082789316,35.93132287880325,31.298351889243914,25.840125363064345,23.122214350567162,旅顺,大连,121.2529,38.8061,N
1116A,,50.52026317670511,40.243486624013535,35.36674824628631,32.52753658552005,37.299441930707275,32.04687104022037,31.557974388498888,26.300996816103872,金州,大连,121.7485,39.1311,N
1117A,,52.72686044393487,42.9976375446303,36.846883024354476,30.796880236714337,35.746260021291555,31.540645165327213,30.727602574832677,26.26094581016756,开发区,大连,121.7811,39.0496,N
1118A,,41.35369676236622,36.18881117025648,32.667041055475686,27.288136277249695,30.722559186912097,26.522632995492557,24.93051443522865,22.440172757434112,双D港,大连,121.9762,39.0631,N
1119A,,65.238353850326,47.63654514292439,47.211017554753454,33.74449173248148,36.79685753279986,52.07309593834725,36.92532788061581,33.905077227265465,食品厂,长春,125.3325,43.9166,N
1120A,,69.98568492060562,49.75222023449222,49.47735877978342,35.34298568649132,39.65485673594554,41.349567641701995,31.54143350971137,29.220460143256307,客车厂,长春,125.2863,43.9027,N
1121A,,63.06248829396217,48.88298666079591,54.47184335490573,37.39569476340663,39.67774064804511,41.56881050237137,36.14688522954863,28.430718635009416,邮电学院,长春,125.2841,43.8463,N
1122A,,66.24475135819254,49.74558346517688,48.72185317993581,34.39434891404574,37.712677589985,39.93298954590333,30.92318873966548,28.301086821845786,劳动公园,长春,125.3716,43.8772,N
1123A,,65.5481411567058,42.573356478507584,42.43548519820668,33.08577801586509,36.71072607694983,40.133482195931215,27.4942323725114,25.72851959336918,园林处,长春,125.3297,43.8805,N
1124A,,53.52134257134212,37.47107048476091,35.55197318723659,25.489116768076666,31.218569738776683,33.923731835093555,23.990398884660088,20.624929312449456,净月潭,长春,125.4605,43.79,N
1125A,,56.09760832209001,43.88632328186573,47.58430103000258,31.895255460070306,34.889338548026906,44.86401959697428,30.709938151334484,,甩湾子(对照点),长春,125.7194,43.515,Y
1126A,,68.03037801444863,50.14444576880309,49.079530185332985,36.44155579958966,38.774670148815055,42.534810130712714,30.72915807218167,28.009042115569265,经开区环卫处,长春,125.3863,43.8447,N
1127A,,61.70632855801497,42.929604857559134,45.97134194539502,34.847200810254314,42.93260024959907,45.485334702502875,34.51884576428164,32.189023032741694,高新区管委会,长春,125.245,43.7783,N
1128A,,68.44491725810488,46.63914356960082,47.72180222339675,33.806527128972974,39.18712506726817,43.62797799862339,33.29264430798093,28.893206488255103,岱山公园,长春,125.1761,43.8325,N
1129A,,58.06860106384409,43.22082076581307,57.525978155571295,35.99023054705814,39.88604927160405,41.95465839500915,32.493166767088226,36.62132331678163,岭北(对照点),哈尔滨,126.5422,45.755,Y
1130A,,62.958042388594215,45.20981740905204,50.26462071188837,33.9519245625479,39.135391648487364,41.22123207454974,32.2498576929172,33.642054014481566,松北商大,哈尔滨,126.561,45.8167,N
1131A,,65.87119212454053,50.437112921214194,53.26799912526927,38.3806117051066,41.67352966273887,48.43354440590465,36.32790674026372,37.510182639465036,阿城会宁,哈尔滨,126.979,45.5419,N
1132A,,,,,,39.97475126353059,,,26.859907485794213,南岗学府路,哈尔滨,126.599,45.7222,N
1133A,,78.93860105929203,57.624336781275304,63.114976178220736,41.613783816592004,42.59337568297923,46.516756827468726,35.70022599759619,37.11718112097816,太平宏伟公园,哈尔滨,126.689,45.7733,N
1134A,,68.05568521823479,44.929574767821414,52.653491875661324,32.47677870374704,37.18458804214993,42.60532467526918,33.376054336065295,34.31538827958246,道外承德广场,哈尔滨,126.635,45.7667,N
1135A,,64.35685210816264,52.23063885977455,58.19132767251979,41.5930243225087,41.76022540361208,52.29542487813696,39.211108492103584,37.75877534092484,香坊红旗大街,哈尔滨,126.685,45.7319,N
1136A,,74.52944441904047,56.270238899519185,60.47529188601644,,42.09830302597736,50.72218870152704,38.16577502140637,40.62080287485886,动力和平路,哈尔滨,126.6411,45.7258,N
1137A,,63.33886402472058,44.74151584680344,55.976375412952095,42.33927303364793,44.25640209881077,44.29438826798674,38.83024686521007,35.63269421287754,道里建国路,哈尔滨,126.593,45.7478,N
1138A,,65.13592173380728,49.260413003366814,57.923908149061546,40.54790307617491,43.63012405629921,49.50786094798167,37.30128100824462,37.63092165945403,平房东轻厂,哈尔滨,126.615,45.61,N
1139A,,73.50318560751485,56.85774958318843,57.512721410042786,40.89505915681577,41.17205701663826,48.05975714035891,35.78411568370048,42.447040727155034,呼兰师专,哈尔滨,126.595,45.9855,N
1140A,,67.00499855751403,53.576003047316995,63.07030082597727,,46.17052519251208,52.94837318157568,39.96834299475577,40.1835408400895,省农科院,哈尔滨,126.6206,45.6842,N
1141A,,,,37.56940878477983,35.73426154283917,34.240573976410445,30.81294488003602,28.351549551752612,23.838496769846248,普陀,上海,121.4,31.238,N
1142A,,54.67675964504118,47.517363866203816,40.91350182406243,36.00093685297431,35.58239193205596,33.27251223024715,29.12391270757947,26.422466108976163,十五厂,上海,121.478,31.2036,N
1143A,,51.98949841672317,45.10289671093792,38.449534345021625,35.92593788804118,36.18429650818016,32.53058180927274,27.747746123918652,24.159923692885833,虹口,上海,121.467,31.3008,N
1144A,,52.34964753979227,44.30794609408197,38.691254035726914,37.15633999441909,37.973947141411166,33.48081546011895,28.895081717707892,25.373895712266503,徐汇上师大,上海,121.412,31.1654,N
1145A,,53.69748922375662,45.69300481453441,39.36302314473539,37.48605037815674,36.36427068398654,31.795102277048688,27.671498433115858,23.75210401754643,杨浦四漂,上海,121.536,31.2659,N
1146A,,62.725374684523366,52.70102888239844,44.31904447168809,42.44978744746813,41.15334057845618,36.096356465349075,,,青浦淀山湖(对照点),上海,120.978,31.0935,Y
1147A,,54.9530843255262,49.34197393084009,40.30205929477478,35.78164432962701,35.07684447043623,32.494820025697976,28.69044331198245,26.029796637817583,静安监测站,上海,121.425,31.2261,N
1148A,,49.57242626887692,39.542562981783796,36.66251755996877,34.33655863970864,34.809548120723264,29.930229686998835,26.34687122834206,24.74752123279564,浦东川沙,上海,121.703,31.1907,N
1149A,,52.067211153239974,43.726953882434806,36.98339649823362,34.841554454704394,33.6888902200173,30.647963901778457,27.593849258884443,24.322971656160178,浦东新区监测站,上海,121.533,31.2284,N
1150A,,50.63312987469448,46.76647203027181,40.17678844464879,37.19720033393742,35.38674410827364,31.80379374106023,29.034415807154996,24.924234769580654,浦东张江,上海,121.577,31.2071,N
1151A,,64.66840935030505,52.271151947380716,41.7207816924841,46.749030052039046,38.41023378336148,31.589026301365877,29.881479696838888,27.283070605045452,迈皋桥,南京,118.8086,32.1065,N
1152A,,56.11073787300095,48.119796100328436,38.34526113455206,42.26088005375263,46.43238512327224,30.419260128517834,27.142143328336548,26.816394009603524,草场门,南京,118.7538,32.0551,N
1153A,,56.51773833255179,50.65657488659527,43.83524277942228,41.24372086993909,39.876766681696346,34.6414092309446,32.653229286902565,31.296678470602078,山西路,南京,118.7794,32.0745,N
1154A,,56.48028685206893,49.03353089811911,41.91320987491644,42.62613610330711,42.563039693767536,31.28320762518668,27.804214236746745,27.16403343780405,中华门,南京,118.7752,32.0023,N
1155A,,61.19599574565276,53.72010033342569,48.42072386319957,48.071512685786644,44.290363952026276,35.90472711940315,32.12200805087311,29.855544627550717,瑞金路,南京,118.8109,32.0309,N
1156A,,51.152287984946334,46.64134478698591,40.3741475235374,50.238611755132624,40.99127640700289,29.923970496566596,30.682653078080886,29.168912780178868,玄武湖,南京,118.7997,32.0754,N
1157A,,54.082108663251205,44.18766238923911,38.92049067510221,38.123570766046896,35.6232418333393,26.970616719995775,25.37383908244559,25.839284704362267,浦口,南京,118.6414,32.0931,N
1158A,,61.5851651206047,52.91568924360661,47.20920114570164,47.656813540522734,40.170522251930464,33.68915480848743,33.29661684418037,31.05235940265816,奥体中心,南京,118.7356,31.9996,N
1159A,,52.6287554587576,40.41385216878911,39.82342141165233,39.47592289722793,40.29542215437099,30.894545267161018,27.810156870682558,27.49107953888595,仙林大学城,南京,118.9125,32.1028,N
1160A,,58.53079989669862,46.01719194887374,42.06202367148663,42.65440267594464,37.573017118836994,35.03313667223328,30.61010762909462,30.625507828046054,上方山(对照点),苏州,120.561,31.2472,Y
1161A,,59.24948582315133,45.620211452137156,43.92260763855436,42.69398606709778,37.112078902467516,32.47487786568405,,,南门,苏州,120.628,31.2864,N
1162A,,53.40261341358956,47.2787863534151,45.08094104648521,45.07541569510397,40.22462422871219,33.98136141318376,29.198613981032405,30.356035522329304,彩香,苏州,120.591,31.3019,N
1163A,,58.129980982543515,47.110400077443074,45.028497835053706,41.293768584036876,39.63305265624229,31.146147397561695,27.60951432734968,25.512759891658238,轧钢厂,苏州,120.596,31.3264,N
1164A,,55.87291464883065,47.15258517087996,44.05590693093345,41.13562915425338,40.046294354325035,32.814976847083,30.567171881980766,29.32075831695857,吴中区,苏州,120.613,31.2703,N
1165A,,59.67447320597525,45.8175366693986,43.99379537861093,40.47657206269902,42.94242143349405,33.975525501797996,31.175820410574,31.65904318317076,苏州新区,苏州,120.543,31.2994,N
1166A,,57.33999639544596,46.71789307557789,40.53153022183622,40.965606733539204,38.961775721027884,33.40254482156003,26.661646870460004,26.51966628700008,苏州工业园区,苏州,120.669,31.3097,N
1167A,,56.62242457249281,45.99813545086928,41.48470329968589,42.57214904577614,41.4192892497595,34.742918422461024,30.52941686952231,30.115502094184976,相城区,苏州,120.641,31.3708,N
1168A,,53.096825071032384,48.5051043461695,40.773149753891694,45.23578579450238,42.56427171282865,34.92353026916426,32.512644116831254,22.591174206447434,狼山街道,南通,120.9098,31.9663,N
1169A,,54.57892585853023,45.00286741721572,39.59323082214795,42.52298801549605,40.5148386413803,35.82825592591615,32.082387806659,29.587159934052515,虹桥,南通,120.86,32.0005,N
1170A,,60.35520513608619,47.45765432943774,37.19602209593853,38.5519198576876,35.612749510086346,31.55508892641618,29.414392902262083,28.55522202474052,城中,南通,120.87,32.02,N
1171A,,58.20419946776121,43.72324790232186,40.46629503758347,39.70847446289487,36.89374589541129,34.184217566769284,31.08055741931084,24.33192215338768,星湖花园,南通,120.94,31.93,N
1172A,,56.30173424226386,47.8933453088879,42.008431898190025,42.44439750959732,37.65899980489363,37.09160517068486,31.290649120165526,26.133966486741883,紫琅学院,南通,120.81,32.0417,N
1173A,,56.74262716776455,50.70964616402743,48.04060308775783,48.18795242959168,44.030104492963254,39.58512478263219,37.04472440950054,32.39694040086082,市环境监测站,连云港,119.176,34.5885,N
1174A,,55.40308536366491,47.636844346792884,,,,,,,洪门派出所,连云港,119.141,34.5896,Y
1175A,,50.49133004236748,41.91198183987757,,,,,,,墟沟核电专家村,连云港,119.368,34.7507,Y
1176A,,51.65535912239382,42.98170700134316,,,,,,,开发区恒瑞医药公司,连云港,119.348,34.6984,Y
1177A,,61.190535837700104,59.87928591535291,69.79467145335393,67.40811118555685,60.19128059010165,51.88866056637925,46.35485489443059,43.17056559698753,黄河新村,徐州,117.179,34.2761,N
1178A,,65.01182475518881,58.16817308823122,61.25428901170835,66.51236159344508,57.31306833845104,51.18444245449803,42.66011407503351,42.053090010267596,淮塔,徐州,117.1918,34.2384,N
1179A,,66.25389571274383,54.562239624373014,,,,,,,铜山兽医院,徐州,117.192,34.3083,Y
1180A,,60.58138568415751,58.90388831386422,68.63205595276644,59.78287709641929,59.91711668963405,50.259098640925835,43.740944411645955,41.85502073677194,新城区,徐州,117.256,34.2153,N
1181A,,68.60801429411597,66.4476129710792,72.25087479447583,68.48131315935815,58.49999283330074,50.87022819429469,43.53842366951634,40.755603108935745,桃园路,徐州,117.244,34.2911,N
1182A,,63.13335619003327,58.26457619863793,69.66031822804841,70.52853176047827,59.52466405981581,50.24119139184487,44.17796041881514,39.037898296329885,农科院,徐州,117.2933,34.2778,N
1183A,,61.81993938032291,53.5370290556085,,,,,,,铜山区环保局,徐州,117.166,34.1806,Y
1184A,,57.18864779394905,52.40760699913974,57.34621948974907,,,,,,城东财政所(停运180626),扬州,119.46,32.3878,Y
1185A,,53.47125895001969,53.072885478256005,52.02038009379606,47.27689264194385,,,,,市监测站,扬州,119.404,32.41,Y
1186A,,52.33904372644184,51.8429271372617,53.88861323621291,47.195309701687044,42.97168415902899,36.51566294283242,34.859491698331354,31.86576840165688,邗江监测站,扬州,119.389,32.3761,N
1187A,,54.7808424383221,42.21094161602959,,,,,,,第四医院(停运161107),扬州,119.439,32.4033,Y
1188A,,54.55595530945299,48.387374795934115,40.68615068956549,37.03819808357862,36.15966994465814,29.806825619215356,25.62168007089093,25.841423748678885,雪浪,无锡,120.269,31.4867,N
1189A,,63.369076098842626,54.32039121985771,49.16371730608073,43.40815583929987,43.60514110937481,35.83842111845778,30.601552004152328,27.46111942222409,黄巷,无锡,120.275,31.6219,N
1190A,,,48.454861380869666,42.10007533430936,45.49011542698846,41.415635035904494,33.100548460884276,28.99114543410477,26.77192561244542,曹张,无锡,120.294,31.56,N
1191A,,57.575292426803706,49.79497469582136,42.53095533716266,39.793078638732126,35.23123870043794,28.533566333591274,25.709360067117764,26.399797804409367,漆塘,无锡,120.242,31.5031,N
1192A,,62.22997540526508,54.625120200678424,49.35113781163072,47.432777238961634,42.02518111979332,35.626997384798365,30.176951120225315,28.038327352240206,东亭,无锡,120.3489,31.5863,N
1193A,,60.8186165430268,52.17326460070575,43.04100826216809,43.15023650736824,42.425867733916725,35.569207989363875,30.942677305177664,28.780266041925557,旺庄,无锡,120.354,31.5475,N
1194A,,57.24599302188706,51.42976714783895,44.882420798366944,41.85755011172795,37.77254871051449,33.13127739388291,30.96861221113083,28.65932502743992,荣巷,无锡,120.245,31.5631,N
1195A,,68.82553328071398,59.96253968688798,52.06863828910088,46.92134134185175,42.21633659145626,34.500637753645826,31.550086697551805,29.568842199358308,堰桥,无锡,120.299,31.6817,N
1196A,,58.314154020971905,52.88027522299477,48.83416625340955,50.90134464152567,43.52192748180478,36.77032241791752,34.075205449633216,31.798281707415956,市监测站,常州,119.9633,31.762,N
1197A,,57.658568083749614,49.545709249291235,,,,,,,城建学校(停运161026),常州,119.933,31.7786,Y
1198A,,59.13375865524048,49.215814455385996,,,,,,,常工院(停运161026),常州,119.962,31.8089,Y
1199A,,61.45227658631998,54.85799190451733,,,,,,,潞城(停运161026),常州,120.0393,31.7638,Y
1200A,,59.358250767778166,51.31877805319499,48.03485053642921,50.72303103694479,47.82717238432195,40.884413837985626,37.798385154465656,34.06863095870445,武进监测站,常州,119.9468,31.7069,N
1201A,,54.397925003906195,54.121119885067785,51.55776262766277,56.3922599625604,49.132208268870265,43.64946287301163,39.437850050935396,36.982984274500545,安家,常州,119.9255,31.9087,N
1202A,,,,,,,,,,环境监测站,镇江,,,N
1203A,,59.61065960025145,49.40815137540078,57.082329632173256,53.774462753571,46.7196302158474,37.104726707752576,35.28962984264505,32.76982570075238,新区办事处,镇江,119.6707,32.1875,N
1204A,,58.71981405767151,49.08283395801134,53.007082646523116,52.999117405169166,42.380218217791246,37.83098990097816,37.082013263149335,34.12357628312089,职教中心,镇江,119.4974,32.1968,N
1205A,,58.552929650654626,50.41678524899765,53.5534157854415,59.00554377885699,46.02867395135018,40.11112582971881,40.64907300445295,38.36408221306759,丹徒区监测站,镇江,119.4303,32.1328,N
1206A,,61.28446896975958,59.84875772751408,50.40305031074593,49.961310511697775,44.29879645937148,37.74274862818236,34.914707145788036,32.06962938132746,公园路,泰州,119.905,32.4878,N
1207A,,58.342530366903844,50.83241656093791,51.98332725146173,49.74362922821815,49.202728897350696,39.334382259021226,35.11953990271632,35.993887480244084,莲花,泰州,119.9189,32.4625,N
1208A,,62.58683650134659,49.621448429407074,,,,,,,高港区政府,泰州,119.882,32.303,Y
1209A,,59.53651742023344,56.81069329550842,55.702642994082424,49.527740143207076,42.81121079662709,34.99547876744154,33.40030014930301,31.698307506960642,留学生创业园,泰州,119.888,32.4639,N
1210A,,57.559152103583436,53.069731908207984,51.28938229497121,48.51421909565714,47.846801689515445,42.496985601073945,39.619233652741684,34.71443724508337,钵池山,淮安,119.036,33.5981,N
1211A,,60.30370582963885,57.015191180955185,49.905050549806404,51.56213724974294,43.36745930556048,41.89216909715017,37.22265896508376,36.36798706744811,北京南路,淮安,119.007,33.575,N
1212A,,54.73372956737728,49.79297740480496,50.90943046119356,52.55799991703216,43.617897957296776,40.61632168637645,36.13279666099004,33.04635426164132,市监测站,淮安,118.989,33.6067,N
1213A,,56.68287305609456,52.82584591100543,50.051872654024656,49.4288449885915,42.36465269278187,42.389078588812495,38.60164603539264,35.36388321737346,楚州区监测站,淮安,119.135,33.5039,N
1214A,,58.57837761813348,54.68848164251579,56.81405664332319,54.05598645977454,45.87806783972864,42.87435119641382,38.54577616303517,37.17368176909784,淮阴区监测站,淮安,119.0186,33.6297,N
1215A,,54.86865105175278,46.51131268795446,47.708317293495845,47.05802186311816,42.12993571059218,35.38277673723521,32.057538356402915,29.459900906929892,盐城电厂,盐城,120.118,33.4022,N
1216A,,51.964896347802224,42.860416459442035,46.53849901993886,46.997645111221196,43.96013290783673,35.02094207491911,29.58030762170895,27.599884405866916,市监测站,盐城,120.156,33.3942,N
1217A,,55.39287717642709,44.175359853929656,,,,,,,文峰中学,盐城,120.129,33.3719,Y
1218A,,34.12441620714174,36.91364141164345,38.894730721239334,38.592978834868205,39.027715843790986,31.82549458260012,28.10923714884632,25.90767933243292,开发区管委会,盐城,120.2144,33.38,N
1219A,,67.49414538556523,53.40596844706609,,,,,,,市监测站(停运161107),宿迁,118.2658,33.96,Y
1220A,,58.41801028507796,58.56247300405496,59.252048493308614,55.940369997122495,47.372989684324466,46.619076632590215,38.48145205746488,38.1267629939894,宿迁学院,宿迁,118.293,33.9528,N
1221A,,55.452176957767215,53.09246615989839,58.9083825945606,52.981077251733126,49.326320012908276,44.16588354317259,37.784413826749976,36.242354521297145,宿迁中学,宿迁,118.2442,33.9592,N
1222A,,60.170107636245056,54.078655554200125,57.98075047789939,54.28492032920168,,,,,宿豫区环保局,宿迁,118.3214,33.9506,Y
1223A,,56.3631349201946,52.293486447528906,44.893559774382084,37.984075849922846,37.83016475419595,28.315969376943663,28.367754796386482,31.049451597962374,滨江,杭州,120.2072,30.2111,N
1224A,,52.78236884233465,43.45765442589368,39.33527512683626,36.25908365669991,36.0923961293157,27.817847007237656,26.92513681231874,28.140768334963532,西溪,杭州,120.0633,30.2747,N
1225A,,31.801915465369497,28.99300609268578,31.13512380381403,24.329592408449813,22.756921750783484,19.82199650365379,,,千岛湖(对照点),杭州,119.026,29.635,Y
1226A,,57.00484949323302,50.42277007442365,50.921698621218596,42.408141102437654,39.341274959994394,29.898680891052905,28.382793309048346,29.368780625967812,下沙,杭州,120.3461,30.3153,N
1227A,,51.60932836171525,46.49643174245572,41.73168890622284,36.37897529189426,37.10300998100314,30.59375551910207,28.151642822340634,29.813529668361944,卧龙桥,杭州,120.1269,30.2456,N
1228A,,57.09413494408887,46.21596806261725,45.06093158866687,40.96836867032373,38.44264321998184,27.187004688712523,25.53017962890387,29.36121418094979,浙江农大,杭州,120.1903,30.2692,N
1229A,,61.78068345074121,56.05421460672978,54.194927234702824,48.472333346326415,44.81086750251108,33.634336511756864,,,朝晖五区,杭州,120.157,30.2897,N
1230A,,63.345297562205886,54.21544395471679,48.48488961582233,42.35623372391004,40.639487960073495,33.01917665036889,30.08832662320681,33.96989837654217,和睦小学,杭州,120.1197,30.3119,N
1231A,,63.55082402341515,52.62746782153203,42.71549561692576,37.75038113692166,37.21193072170899,31.05774018498487,27.390048321823006,30.304102098316108,临平镇,杭州,120.3019,30.4183,N
1232A,,57.983408786535755,49.3285627236093,46.149371668090296,43.04678152950524,42.83357525101951,34.05718667500406,31.64222726008613,32.631237571339526,城厢镇,杭州,120.2697,30.1819,N
1233A,,44.275937424518645,37.689976263072325,35.154339759919615,31.06422744817862,30.272541994055008,22.530255176073087,22.04883426867653,23.335347868659095,云栖,杭州,120.0883,30.1808,N
1234A,,38.856923433130255,32.69413663182518,32.58843667839529,27.883741239938846,25.11390601502813,20.068987606384734,19.59348678225773,20.514278540622694,区环保大楼,宁波,121.8358,29.911,N
1235A,,45.87565844556075,41.09833955493527,39.51745133094864,34.89501241759833,32.39827976329202,25.629826754340456,23.20558532142302,23.247014848077367,万里学院,宁波,121.56,29.82,N
1236A,,46.0851560462146,37.47365446846578,38.95820560039886,31.77279872110416,28.84688549869469,21.55082894108287,19.62068010397748,21.62554445881326,龙赛医院,宁波,121.713,29.9572,N
1237A,,47.2174059293365,40.00544225411417,39.1222229897782,38.5579554366233,31.442052733037563,,,,三江中学,宁波,121.554,29.8906,Y
1238A,,,,,,,,,,市政管理站,宁波,121.615,29.9017,Y
1239A,,40.65063626579219,35.98381405402651,37.16918924515028,32.21399618298883,29.114418377830344,22.433978447291096,21.792233897129744,22.993001679298793,钱湖水厂,宁波,121.633,29.7733,N
1240A,,46.59758059700546,38.99176477252043,36.60540612525709,32.48985647970854,29.811777893231426,24.538661800832585,23.171114589971857,25.407258009238127,太古小学,宁波,121.5856,29.8635,N
1241A,,48.25877393873578,41.69459361013937,36.66865148563395,32.322807525372156,28.283848988238528,20.389734718773983,20.25884407921069,19.370052936077535,市环境监测中心,宁波,121.524,29.8674,N
1242A,,44.606770407514674,39.09024088343392,40.9503624010327,32.365315828743356,31.330121429775378,27.429593859246264,27.041672691703937,24.859588367568715,瓯海,温州,120.634,28.0089,N
1243A,,46.15134327581587,39.257922120527375,35.80383148800745,30.89894503541375,30.093945279415422,25.543713394441806,26.895351039963636,25.13427224459745,南浦,温州,120.6748,27.9939,N
1244A,,42.3693509340495,36.8257768321465,34.674963963011436,27.085247276299118,25.610788054767013,23.662700857628607,23.77827743016656,21.350337102511016,龙湾,温州,120.76,27.9747,N
1245A,,41.61480734988402,38.37652917931869,40.52867223256422,32.0245797279138,27.33378301822897,24.425119156680438,24.140799401405733,24.176905608690166,市站,温州,120.6709,28.0167,N
1246A,,56.47514971975558,46.0286391637227,46.66394502616692,42.49357632067232,39.13069965762422,27.84512475531579,,,袍江站,绍兴,120.598,30.0911,N
1247A,,53.54500189297476,47.698624863744534,43.53750784655833,40.75791786751973,38.27977343651623,28.648786454813994,27.918511438350894,32.09734070121874,城东开发委,绍兴,120.6053,29.9928,N
1248A,,53.74632135028966,,,,,,,,市环保站,绍兴,120.576,30.007,Y
1249A,,,,,,,,,,城北水厂,湖州,120.1,30.8867,Y
1250A,,53.497626785771146,44.5156993992835,40.93176194664757,34.58689378159587,31.30009970320848,24.913932296467635,24.866008746756133,28.307232141655156,城西水厂,湖州,120.0751,30.8669,N
1251A,,54.99708107969664,,,,,,,,吉山新村,湖州,120.093,30.8617,Y
1252A,,52.613988330860614,44.58366964405469,40.31398775778176,39.4423271966617,34.206413180315934,26.512402378883735,25.479453255134416,24.365196623612597,清河小学,嘉兴,120.7436,30.778,N
1253A,,54.69380336084355,46.07170231641648,43.193667700226,39.163834965056246,35.28508388450397,28.708222808655844,27.301063565500087,26.20361816622493,嘉兴学院,嘉兴,120.726,30.7478,N
1254A,,,,,,,,,,监测站,嘉兴,,,N
1255A,,40.904360339318025,32.53808530462609,28.995424031235114,25.93897932753155,23.96707408109819,21.741077025504822,19.642940522059515,19.55545410316416,黄岩环保大楼,台州,121.273,28.6459,N
1256A,,42.144560072225964,37.8707493814993,35.53748368709638,31.386952348831098,28.567331782230934,26.085482144759997,23.31870642235627,22.572560971086535,台州环保大楼,台州,121.419,28.6542,N
1257A,,43.15899864068007,36.639563047553565,35.04372820942221,29.584424082258714,28.99448533640509,25.855372347524256,25.60845709655731,24.102883260579706,路桥田洋王,台州,121.377,28.5773,N
1258A,,28.840441671741836,25.057571001922366,24.965844500937465,22.842401856380857,21.85807280442811,17.835041223756296,15.330570982079216,14.63210646638794,定海檀枫,舟山,122.122,30.0203,N
1259A,,28.398591177936705,24.074146622485237,23.057997819500322,20.131662096664087,18.96292264889616,16.337658449896356,15.576229145850508,14.97810068620172,普陀东港,舟山,122.3094,29.9558,N
1260A,,31.86212996942622,26.649608796420303,26.50684611891396,23.664428576091765,20.23270634346916,16.098275197315857,14.595029889746298,13.830453219199564,临城新区,舟山,122.19,29.9944,N
1261A,,56.52609934306719,44.91385238434439,,,,,,,四中(停运161031),金华,119.649,29.1131,N
1262A,,53.71610919209429,46.555775599524374,42.66512556014405,34.91962051316577,34.57739978547871,29.565186978778677,29.72416481842874,30.711424406265095,十五中,金华,119.647,29.077,N
1263A,,53.05977906045914,45.227684224673844,41.61377513844317,34.04299422148352,32.91094569577363,29.143261500089597,27.790768359371214,28.24013599954632,监测站,金华,119.686,29.1029,N
1264A,,45.44160210302535,40.67148413197364,41.52817445107514,34.33114994069254,37.82901635946093,29.90900939804766,26.709701439864478,27.028395290733414,环保大楼,衢州,118.8692,28.9398,N
1265A,,40.7356795627163,45.88167140904733,43.08252659747253,32.9895063533298,29.590775084725593,24.399715645057483,24.289454607928597,25.2537819390723,实验学校,衢州,118.8709,28.9666,N
1266A,,42.46948878236294,38.73244402763532,41.153572648736244,32.031943379124755,32.19757187314663,23.386057424970595,23.226492876105276,25.582864711331023,衢州学院,衢州,118.8621,28.9808,N
1267A,,34.38462208656433,31.093292867694068,33.17739828302142,28.355458080182903,25.70557921780549,21.818330055230263,22.437032923560146,20.761960178019056,监测站大楼,丽水,119.914,28.4514,N
1268A,,41.792658453451416,34.04822836916474,31.703709400650144,26.244612001174676,24.07182667715391,21.388755945297582,20.715433881062307,19.439193623778934,莲都小学,丽水,119.93,28.4586,N
1269A,,38.26732623420915,33.44570832558224,34.87357695190967,28.599917163233275,25.224957600189057,20.69220112050776,20.60550631241654,18.55962855801865,余庄前,丽水,119.879,28.4231,N
1270A,,60.016301262195924,48.65725532084648,50.597396430504084,45.23958744777733,42.13796684669129,34.45944180963538,33.03701238640061,31.697211670255896,明珠广场,合肥,117.1959,31.7848,N
1271A,,64.07352491197854,56.293176757933814,59.068266938440665,49.28188774154637,44.69859113487721,35.63410864054285,33.93118009034458,33.255501311987246,三里街,合肥,117.3072,31.8764,N
1272A,,65.58470898086274,55.65747274964785,54.42399999218121,46.69695345585174,45.38707670229196,36.43007738279045,33.2546100050979,30.881352322042112,琥珀山庄,合肥,117.2588,31.8707,N
1273A,,63.03654557180764,55.022018384677864,50.75562467685889,45.08043902011715,40.93081964607014,30.91832282343997,28.343132075813433,28.937819060540395,董铺水库(对照点),合肥,117.1604,31.9052,Y
1274A,,68.00682437468961,57.76705226552984,55.77496143765658,46.24587264353311,44.869825679908416,34.23047464951713,31.28155538884518,32.83447825317007,长江中路,合肥,117.25,31.8571,N
1275A,,70.99848453707955,63.72977581075247,62.115801498947874,53.54760419264577,49.18789244932877,38.91037247400365,33.4999274174875,32.36658838575012,庐阳区,合肥,117.266,31.9436,N
1276A,,69.60239012878269,62.49340710366112,62.45429660654797,51.30749787092034,45.795972728782715,36.677208351265364,34.56528136158744,34.74011447466427,瑶海区,合肥,117.336,31.8586,N
1277A,,61.55182926313,61.15035145682995,58.383758869510565,52.31699515433147,49.48240216169887,39.09622155391555,35.864514503714766,36.218524074817076,包河区,合肥,117.3027,31.7964,N
1278A,,65.4938918284421,58.01449118025932,53.442625303703196,48.92705191500356,41.93168191684244,33.87357199239838,32.32522475215916,32.10348005655068,滨湖新区,合肥,117.2776,31.7385,N
1279A,,62.95045236760952,52.5833979532125,53.92234327810223,45.2536073622018,40.36557753672753,37.454795199336615,34.62433022535776,33.29914263999869,高新区,合肥,117.1318,31.8403,N
1280A,,25.01562760495028,22.755592082169287,21.898170906933572,20.559569742527323,18.057694207168304,15.030729934236149,15.494488549455177,,鼓山(对照点),福州,119.3903,26.0543,Y
1281A,,29.283102576748057,27.070917881820016,,,,,,,快安,福州,119.414,26.0258,N
1282A,,32.20634981487241,28.900622351443715,28.26751491292015,23.956896219297853,24.208319565777412,21.08611751384119,22.31434608700503,18.753184648894926,师大,福州,119.2681,26.0504,N
1283A,,28.352602059914624,30.184720313295625,26.836802154833567,25.160026394674713,25.46645557180642,21.798653851897765,19.324359553607533,17.36542218452634,五四北路,福州,119.2984,26.1028,N
1284A,,27.60682350023495,25.598048532641567,24.67051088162458,24.788116746889198,22.86787829574259,19.36051948133711,19.41330392363557,18.147613388275644,杨桥西路,福州,119.2648,26.0768,N
1285A,,27.701552541734433,25.921046755705923,29.34798088808439,26.816279773973285,27.065112716627336,21.488831723536254,21.77841761578959,19.028078720207272,紫阳,福州,119.317,26.0746,N
1286A,,30.167421933492236,28.955767038600303,24.432536373157834,23.715062867965315,23.846671706911735,17.4161856825452,17.35898161089412,,溪东(对照点),厦门,118.1608,24.8169,Y
1287A,,24.06159411984414,25.198731418174102,24.396485707285557,22.81408193513903,22.67873621142634,17.89090074276818,21.524551191788603,17.776242696390025,洪文,厦门,118.1514,24.4767,N
1288A,,33.53852802354611,33.71701288313352,32.33084407719015,25.960817896134373,23.24075888904124,17.365347256418595,18.306415323539817,17.566327046201202,鼓浪屿,厦门,118.0661,24.4444,N
1289A,,,,,,,,,,,,,,
1290A,,45.686471939843436,47.410975024431785,43.2541720832541,33.538708775242505,42.169923545509306,33.440554082452394,31.881433621770686,30.519864838294204,省外办,南昌,115.8931,28.6843,N
1291A,,45.59666666448841,46.45030252046761,39.13507194230445,28.897974159120338,37.493707772076306,33.73910496652934,31.97922590324932,31.212364113954248,省林业公司,南昌,115.8886,28.7003,N
1292A,,34.01305367876263,27.341482565203915,30.821601887888882,24.87109604962995,29.856855452704508,30.562542580528884,31.051239438595466,28.572263077039462,林科所,南昌,115.8126,28.7442,N
1293A,,42.59523651288701,47.9622024932451,46.09569078038098,31.266096276147458,36.192123763242606,,,,京东镇政府(停运200108),南昌,115.973,28.6969,Y
1294A,,35.457781317259006,38.53417755623974,42.3625199983985,30.337857532577797,32.08463180265203,34.20433277122764,31.93187730346707,30.630726357482796,建工学校,南昌,115.8518,28.687,N
1295A,,47.66448718678852,48.94186994538003,43.598698621733654,30.74115292633809,31.604739211797266,33.177988073648265,27.654089003732185,30.799103242172617,象湖,南昌,115.8921,28.6424,N
1296A,,27.57479379112596,31.593181141694306,33.60530748760221,14.632926356885587,24.919202122042584,21.519372062660473,20.700849774887,23.64022051010266,武术学校(对照点),南昌,115.7423,28.7996,Y
1297A,,52.924631423445184,,,,,,,,石化(停运170322),南昌,115.912,28.6131,Y
1298A,,39.12683764006314,43.29409438134445,46.54124620641105,29.8629852096851,36.989458331577694,34.093844719661405,34.03554865880278,34.3954821354931,省站,南昌,115.9314,28.6842,N
1299A,,88.08635315930078,75.19610037305333,60.94126693042252,50.77232895141483,49.24237477564845,45.675757082615284,39.48396459931558,35.11292582013946,科干所,济南,116.9862,36.6114,N
1300A,,93.92656477632472,82.83515606262404,63.375779979631716,52.9161729680035,57.91865149909743,45.524395931789506,38.47044379539673,32.55563898102463,农科所,济南,116.9376,36.665,N
1301A,,75.50634511772887,63.59715765425469,57.69076610983349,46.52276034041736,51.19519875280999,43.116492311720734,39.235917621405214,35.781669682442626,开发区,济南,117.1265,36.6734,N
1302A,,98.62111792509263,73.78786905651249,59.97649435300089,56.908687753671984,57.91402287532628,,,,济南化工厂,济南,116.989,36.6872,Y
1303A,,91.95171398705105,78.92051572812419,69.62134323272849,57.62355111643778,56.181407691665825,52.20522772616065,46.70995168958223,40.894780064650504,省种子仓库,济南,117.0624,36.6868,N
1304A,,,,76.36296544656986,59.917316181676476,60.24516936531593,47.52092965865674,47.22527840815425,39.241689164854016,机床二厂,济南,116.9489,36.6447,N
1305A,,95.64990934449501,84.82381316701203,70.96324581817913,51.14514575959796,53.10739614125307,48.682976230305094,39.62623363401446,35.00022193358712,市监测站,济南,117.0495,36.663,N
1306A,,91.21338029358012,71.71109671977038,64.5531872584305,55.75176498507979,56.1183010712441,49.981666949388455,44.44226855001408,37.113850233420145,长清党校,济南,116.7675,36.5484,N
1307A,,45.92037616022161,29.204132983084065,28.654663782123293,28.26159267588351,36.70764453381091,30.18525114359462,29.153585665146675,28.169886809497946,仰口(对照点),青岛,120.6659,36.2403,Y
1308A,,57.130463802306494,50.97916092681565,46.044404918634775,40.414951862538196,47.72413624594864,34.56977784525328,,,李沧区子站,青岛,120.3905,36.1851,N
1309A,,48.38355240931606,44.86026935890726,41.421979041538684,36.55041193448443,41.94371950098214,34.111906656500906,,,市北区子站,青岛,120.3471,36.0699,N
1310A,,42.68491577325952,39.24898229145079,31.945601993041134,30.590002396218676,35.98515897213026,30.400770351008674,28.22023138828132,24.429994225181026,市南区东部子站,青岛,120.4134,36.0658,N
1311A,,48.59132299234096,48.18065618623788,42.316764530013685,39.587283722270634,46.06118246824189,35.835835285540085,33.74565690456833,28.75401279169968,四方区子站,青岛,120.3664,36.1032,N
1312A,,49.14517553383219,40.45042392616399,32.77721671554145,25.6015552148948,28.351406946140624,22.799543628367207,27.385529667609198,22.651547005505247,市南区西部子站,青岛,120.2994,36.054,N
1313A,,52.645696986554135,49.30735800756734,41.27029105004916,34.396627927403756,37.3287219509536,29.594365038547142,27.458961343611183,23.86262670106821,崂山区子站,青岛,120.4581,36.0858,N
1314A,,59.240661900410615,51.53436480614125,42.42199285694265,37.91059386961099,43.850053764551866,32.973331608109184,31.13179076751388,29.567258179307885,黄岛区子站,青岛,120.1983,35.9608,N
1315A,,55.61416930170769,49.44574089176155,38.28318872157439,32.32776398997314,36.31389647806487,32.91404237072083,27.912486039250048,24.489388919392216,城阳区子站,青岛,120.3999,36.3083,N
1316A,,91.949469267209,78.52834749150594,71.8439867052757,64.19811212165544,58.90484098652742,49.53954574266388,44.18862883546775,47.86699646130028,烟厂,郑州,113.69031,34.76122,N
1317A,,89.48604149834141,75.2868500098036,70.82284581856723,63.493460754442545,58.343188059681985,50.11197751928748,43.42277042673294,52.828047314190606,郑纺机,郑州,113.65724,34.77134,N
1318A,,93.04751757235024,78.19370192770016,74.9863840247145,69.0656416563351,59.42891967182039,51.370269928328625,42.547519343552665,46.09937165341315,银行学校,郑州,113.67526,34.80246,N
1319A,,100.68217047144316,80.01188648758294,72.56195907671633,64.82213133778575,59.8877204149499,50.68768942294871,42.043787504360985,45.46857410785111,供水公司,郑州,113.56746,34.81334,N
1320A,,104.74056726744507,82.28416603084665,74.57933759495404,65.88655510832592,60.1923711957341,50.01436533950543,43.828201556896175,46.945112078964385,经开区管委,郑州,113.7329,34.7178,N
1321A,,94.58587887002365,79.21840798808051,71.9139023311544,63.926327013610106,59.14911934929919,50.02878147902791,44.34355740905856,43.918921106366014,四十七中,郑州,113.73961,34.77172,N
1322A,,92.74578861662123,79.8532436416769,71.75673699249833,71.63622291706923,62.8437419160699,54.105796938909016,46.3641622966117,46.49365124872969,市监测站,郑州,113.60532,34.74838,N
1323A,,94.10176137258499,76.28188218206472,68.44783360708261,64.81816298996343,58.743780892000274,51.371241717032795,43.30664177127137,49.7155374600852,河医大,郑州,113.64164,34.7525,N
1324A,,94.47429205578655,80.26881772243253,66.7370832335973,63.79588846057193,59.39961777943983,51.5891269655298,42.18013827076959,,岗李水库(对照点),郑州,113.51488,34.91089,Y
1325A,,68.65083776126767,55.28329637535565,49.57024500769065,47.758762183753255,45.190145459234756,39.43963513602999,37.85614220419405,36.02949249562162,东湖梨园,武汉,114.3677,30.5584,N
1326A,,72.6472853570382,56.5284848995995,50.08603525822975,44.12895642533671,43.29279683238729,33.05698066499346,34.37008790177826,32.22500468335701,汉阳月湖,武汉,114.2529,30.558,N
1327A,,70.84030435090264,58.423703755892326,52.07927388231217,47.18259154417255,45.263945802432545,38.51037286961803,36.93036580207451,34.69730062522508,汉口花桥,武汉,114.282,30.6189,N
1328A,,71.51520274271088,54.267800749661994,49.8210546213112,46.521435361088784,43.191548049255246,34.05819760882683,36.537270567535835,34.40176681768705,武昌紫阳,武汉,114.3025,30.5332,N
1329A,,76.27032029549005,62.68879193608628,63.270505227129966,57.57959715880669,55.71308627009502,45.83214055072975,44.066744087502535,40.4363134184631,青山钢花,武汉,114.3646,30.6217,N
1330A,,65.41522704368529,56.78503760097271,54.61071714163779,49.04718966054014,45.799649619718494,36.89099771774486,41.35230553168878,35.10858556192358,沌口新区,武汉,114.1566,30.4825,N
1331A,,64.4347764078865,54.68347997168591,49.058886793782676,43.242131168919805,42.447380017265075,35.18525890900264,37.27202991446325,36.242061051394415,汉口江滩,武汉,114.3014,30.5944,N
1332A,,67.16051217683298,55.68792368453786,54.491170435544994,,,,,,东湖高新,武汉,114.3894,30.4822,N
1333A,,73.59684751388848,57.890756914724605,55.0793398118054,51.90505881739693,46.35206593404551,37.28293902311128,36.47017186908981,35.49929526670143,吴家山,武汉,114.135,30.6319,N
1334A,,63.51608581797305,,48.810209118224385,46.00098699317522,39.84161492929993,28.577278761308243,27.171581453524922,24.951418972781966,沉湖七壕(对照点),武汉,113.8454,30.2917,Y
1335A,,56.11738531214401,51.060439423141354,51.045125858012646,47.64090032718962,47.02070716435299,42.79998541074717,46.49663861125118,39.49496392169189,经开区环保局,长沙,113.0833,28.2325,N
1336A,,59.28313730098009,46.76553566544779,53.816493409950745,45.398541540862986,47.51448442311389,42.29110486278895,43.65255758563274,39.74034154250068,高开区环保局,长沙,112.8872,28.2189,N
1337A,,61.53650629671826,55.64373212958563,57.01479683858997,49.36044260733968,49.08740221250504,43.010358414945934,45.72996902829203,39.51059373902165,马坡岭,长沙,113.0792,28.2053,N
1338A,,63.16605826348759,55.03970577343637,55.90744300415936,48.5348703360673,48.79624672493601,43.018549171599574,43.290648753929624,38.10329482828796,湖南师范大学,长沙,112.9394,28.19,N
1339A,,57.113936956312656,49.97675052312051,49.71819954181618,44.13898955800307,45.99146883411809,39.83845090003484,40.773216701341596,36.32343279349403,雨花区环保局,长沙,113.0178,28.1322,N
1340A,,54.50806452258991,52.1571064037684,54.578019678888076,46.49514715449042,47.413262709594214,40.66876926486564,43.727300460961615,38.75220220972198,伍家岭,长沙,112.9792,28.2597,N
1341A,,67.04712501355857,58.66272241404029,54.74669052055493,49.16993808715357,50.81474138624618,41.81187592551943,44.52524488735128,38.81025007856967,火车新站,长沙,113.0014,28.1944,N
1342A,,63.605195487640145,55.15576910730535,48.32500906108648,43.365275407173485,46.001504373728274,39.303237544917955,40.249948183269794,36.25283183948133,天心区环保局,长沙,112.9844,28.1178,N
1343A,,67.88330529987462,56.93194239643711,50.45018717818145,43.846605331328654,47.10249810094432,40.94627504688922,41.26100787897778,39.342742739625976,湖南中医药大学,长沙,112.8908,28.1308,N
1344A,,55.628374943736475,51.68326776021938,52.33689713729746,42.50692603765872,44.99907989755308,43.549780412106344,37.46762538234748,34.2063588864459,沙坪(对照点),长沙,112.9581,28.3611,Y
1345A,,41.29219968493604,37.078055835133135,39.130571976373126,39.17404574290133,32.18701370692853,24.664669104514036,27.86434965320563,23.58529155681411,广雅中学,广州,113.2347,23.1423,N
1346A,,42.870005532904656,36.32731533515416,36.74977769745236,35.2734174365229,32.47537634938653,25.724457960351902,27.311068676260582,24.179829695292465,市五中,广州,113.2612,23.105,N
1347A,,,,,,,,,,天河职幼,广州,,,N
1348A,,37.37821923548861,32.33954248955278,34.5216771404317,33.88288043722479,29.833753699528504,22.200980070992273,24.380702460012138,21.509167866454906,广东商学院,广州,113.3478,23.0916,N
1349A,,37.02378492150342,36.44683690365763,35.487359371359155,34.487956416992105,28.971935356532313,22.71206004549886,23.508668127778865,21.084092738717253,市八十六中,广州,113.4332,23.1047,N
1350A,,42.142214617919905,39.717864467723004,39.48303244811858,34.72396158545243,29.236872257002403,21.487950695948154,23.752185105394457,20.824519491939874,番禺中学,广州,113.3505,22.9483,N
1351A,,39.343938643742646,35.27261041075508,34.19791926694305,34.92262179017672,29.232481642608192,23.404450726618922,24.99184627506996,22.69830118269748,花都师范,广州,113.2146,23.3916,N
1352A,,39.907474260079596,35.497500841324594,33.371469611117426,35.99026304468773,30.54777790640684,23.253776116900692,26.070306437931777,22.119938546376495,市监测站,广州,113.2597,23.1331,N
1353A,,37.24299464922151,37.1817886244115,33.986422080569255,30.643788984656116,29.475937182042347,23.668699421461966,24.92837086842362,22.150922932635673,九龙镇镇龙,广州,113.5618,23.312,N
1354A,,34.49425638898031,34.22391491113776,32.87305221442899,35.084482802337625,28.488260483501353,21.722290763424688,23.642095933466003,20.945972788519168,麓湖,广州,113.2765,23.1544,N
1355A,,34.995595135139716,25.25461036294997,30.616224524320945,30.97159116079226,24.099721161756328,20.48365616920511,20.470169764711105,19.20483667397023,帽峰山森林公园(对照点),广州,113.443,23.3035,Y
1356A,,28.38767676338381,25.7357303205668,26.850071378513224,26.686460064277718,25.780331359522282,20.524749777887983,18.533780593731517,15.38253841683937,通心岭子站,深圳,114.1063,22.5545,N
1357A,,30.876051543493755,27.75110090223036,28.92683224869227,25.85054252552293,24.393319944458337,20.405053347796425,19.314042211538244,17.20027126238557,洪湖,深圳,114.117,22.5625,N
1358A,,30.907550094685543,26.86603647989321,28.306624968678616,25.362344065525882,24.041172807955277,21.11784862005546,19.315581481372572,18.138713056849223,华侨城,深圳,113.987,22.5417,N
1359A,,30.53831500386254,30.449943078257544,27.13262646285883,24.0700342787075,24.980467829052206,19.447207112681575,21.53384850322614,18.802087375379838,南海子站,深圳,113.9181,22.5171,N
1360A,,22.40289722290494,19.965736666342853,23.32804705049591,20.655439783926017,18.29718976947273,14.689083812475317,15.473256452139747,14.931249595655897,盐田,深圳,114.2458,22.5689,N
1361A,,33.20396526788968,29.84542559630218,29.52214717449721,26.228967502120057,27.060620461145565,20.383022323129534,19.17220688474174,17.039017632277126,龙岗,深圳,114.2283,22.7244,N
1362A,,34.6755908489918,30.594313390889052,33.3669414335663,30.06353628902725,30.51207504496329,22.47096669862507,,,西乡,深圳,113.8953,22.5861,N
1363A,,26.397667700659014,21.85036488752704,23.005156408550146,20.608847563741552,19.409040465114373,16.768149977602764,13.77909448279861,13.482853188409733,南澳,深圳,114.494,22.5422,N
1364A,,26.857665442395984,25.11255228750743,26.726393791186315,23.125787175851055,21.501881185783375,17.84186578334837,15.573461211938813,14.488949247000303,葵涌,深圳,114.41,22.6342,N
1365A,,26.8211061328198,24.110794227089134,26.111059069875047,23.245933076421238,20.511937680245104,17.51943479078026,15.754163775814135,14.132107506967369,梅沙,深圳,114.297,22.5978,N
1366A,,37.511775250201325,34.997710133755525,38.37102808418284,34.30237975886553,30.299367072064854,22.92013944824505,23.779735596187255,20.58210849592388,观澜,深圳,114.0678,22.738,N
1367A,,31.313375868181765,24.789010553379025,27.351948776422127,25.160338256632574,23.273279351944186,16.991967336307912,17.27330512049498,16.163687672166073,吉大,珠海,113.5814,22.2618,N
1368A,,31.89333631535521,29.87782915772179,32.67748790720782,28.44178728521592,22.71712420022785,17.106907904858,17.817834336221058,15.849286307631717,前山,珠海,113.4881,22.2335,N
1369A,,32.188316573711944,25.773504756298642,28.831583285865424,26.303873024240854,25.452100384194534,20.484026926049793,20.55318468979776,18.001954234740495,唐家,珠海,113.628,22.4251,N
1370A,,29.573341901835043,25.13599950361647,30.95927772128861,27.568747074978447,26.564309315989853,20.236302721263403,21.48577018642713,18.60891406316071,斗门,珠海,113.299,22.2281,N
1371A,,37.733312265282414,36.361925763169985,38.88820561684192,32.75663917376238,27.617015309107998,20.528531177383506,21.769631265668206,19.774599211671728,湾梁,佛山,113.1294,23.0067,N
1372A,,41.216228704638446,40.18459252190592,42.76761754628656,36.2016668680643,32.27489531878629,24.31167487829284,24.820394755352968,23.051261905737366,华材职中,佛山,113.1083,23.0478,N
1373A,,37.71602770438838,36.510959610314636,38.76309352671896,33.725061409827745,30.610900874566497,23.69873068369022,24.935010334458678,22.49660643471518,南海气象局,佛山,113.144,23.0453,N
1374A,,39.00918653046097,33.09353819720251,32.086346058312635,28.60488702381324,30.033045131466228,21.370958839729703,22.26275573537742,19.849998790472704,顺德苏岗,佛山,113.2881,22.8094,N
1375A,,42.00220847651788,36.48217515136881,36.97790352797663,35.67069906210828,30.484375190205675,20.54397085470758,,,容桂街道办,佛山,113.2544,22.7642,N
1376A,,37.06276650305676,33.88678850257283,38.582579219012196,31.089007557619805,27.00032268766818,22.247206428325466,22.81569041157094,20.891342221980498,高明孔堂,佛山,112.8383,22.8678,N
1377A,,40.23112120659807,45.23968102041404,48.703273766499045,36.75661727966824,32.30126304930985,26.350424550731137,27.885390925091396,25.363108824712242,三水监测站,佛山,112.8836,23.1588,N
1378A,,42.241495118997065,44.72214754557818,44.3664947693167,36.727419938967785,29.796035563372918,21.571505787809077,21.71105105600637,22.13878747946261,三水云东海,佛山,112.867,23.185,N
1379A,,31.964675723811656,30.755246837454813,37.825339176236334,31.84555320836939,30.663167385739403,21.903327072784226,21.805771248547632,20.0889089828988,华柏园,中山,113.3769,22.5211,N
1380A,,34.31257413772912,30.511989247720443,33.942943513520895,30.426993071233404,27.7240961914413,20.31949329975714,21.46802156674137,21.473125150131462,张溪,中山,113.3881,22.5497,N
1381A,,34.83126137522222,28.563238259692007,29.986075950461913,25.513989989599573,24.469845690560643,18.32018258909343,19.39278422728589,17.277627658536545,紫马岭,中山,113.4075,22.5111,N
1382A,,28.144330553387753,27.906830549403335,32.066884916775734,27.743270600219223,23.474049666645097,17.658240440965233,17.10979894257139,17.039962694010494,长江旅游区(对照点),中山,113.4411,22.4853,Y
1383A,,34.6517211380059,34.61223797449415,38.24339827019728,29.479917580388708,23.775370070569355,17.92858238198449,19.740780754968398,18.112287761274356,北街,江门,113.1064,22.6058,N
1384A,,39.303666681642824,36.92427046534876,39.09675033795658,31.186589466389172,28.59394690613226,22.8314892594567,23.365440339834436,20.694463046896438,西区,江门,113.0731,22.5835,N
1385A,,30.509868614060036,29.132916959946566,34.70905492627007,31.305558098554354,28.11686688984876,21.93106766001807,21.43038620308509,20.401809612738425,圭峰西,江门,113.0219,22.5311,N
1386A,,34.611211856239926,36.28453197765808,37.27462825755915,30.888719490737007,28.03955493010794,21.747034203904416,21.90254868923347,19.96568271375233,东湖,江门,113.0828,22.5947,N
1387A,,39.44777639145096,35.28776235280343,37.70703924278261,37.976549755442306,31.810271751456465,25.57216075899096,,,东城主山,东莞,113.7875,23.0457,N
1388A,,37.30857989250463,34.81679385648568,35.47948404025863,34.15831323947746,28.878921618945146,20.863342698229523,,,南城元岭,东莞,113.7533,23.0202,N
1389A,,37.62364206377674,37.82975439059118,42.975672819773436,40.60858704003691,36.714167984894466,25.76628603634216,23.527893754295985,20.475321957314232,莞城梨川,东莞,113.7547,23.0494,N
1390A,,33.66618954437218,33.312204978520455,33.32739072904032,31.21369051242294,30.02774034546158,24.476822388610625,20.396155194222743,18.671375265508043,东城石井,东莞,113.7944,23.0128,N
1391A,,34.47344643442537,34.47998249362931,37.3909808777133,35.64278960578907,33.33965986185262,25.148122170605635,24.63573643987802,22.15118205412474,南城西平,东莞,113.7383,22.9658,N
1392A,,30.71505778561891,29.951686415472956,30.24747001718885,27.971231171554816,26.669839651043496,20.621263126135236,21.23842358592712,17.64854353234728,河南岸金山湖子站,惠州,114.4183,23.0528,N
1393A,,28.497108662777084,26.262178142248633,30.24493882502043,28.16858725296064,26.042610611814176,20.83286920241089,20.51293219190821,17.631261634171327,下埔横江三路子站,惠州,114.4053,23.0822,N
1394A,,27.637680492457008,27.595787086498177,29.122634026725184,26.70766459690173,25.363330631476412,21.758339650228706,22.428361385432737,19.142812004144286,江北云山西路子站,惠州,114.4103,23.1142,N
1395A,,25.641863721583654,24.041881540546424,26.326505893338748,25.50953817254469,23.766129224424336,19.66393240307128,18.739496875135277,19.336652379199517,惠阳区承修路船湖子站,惠州,114.4645,22.7833,N
1396A,,24.498621510042984,26.515157121292695,32.55362016495973,29.463865052209265,22.51447303735658,17.145463927595703,17.20505228568666,17.4190827017722,大亚湾管委会子站,惠州,114.5317,22.7422,N
1397A,,39.66352585962199,35.64092935064594,39.14162464478905,38.46045802532601,34.85838834150527,26.71414570956715,23.64007868375652,22.170207108829455,睦岗子站,肇庆,112.4267,23.0706,N
1398A,,39.98523019818383,39.262058612967195,39.806626327425576,39.30493240032918,31.254803535835393,21.841144989465203,23.182452518884,22.03513234161441,城中子站,肇庆,112.4645,23.0475,N
1399A,,37.04344540936221,38.00418803075828,43.66126191797345,36.831644532247225,29.23461014023528,22.18884197336388,21.54407210814505,22.471935070462827,坑口子站,肇庆,112.5544,23.1522,N
1400A,,,,37.979865321438965,33.51685662329213,30.316951653464493,23.578998295349034,21.909232523657387,22.2136966716858,七星岩子站(对照点),肇庆,112.4753,23.1,Y
1401A,,41.92630705398683,39.53454444311491,36.230211842853976,35.24673264995854,28.928854752794106,25.60328323426,27.480725889421223,25.575454640010534,二十一中,南宁,108.3103,22.7881,N
1402A,,45.39162327069217,36.86333188073632,35.70621880171728,33.479417169986654,31.649014047098145,27.94847989924217,30.310126179411537,26.817769200230305,北湖,南宁,108.3141,22.8528,N
1403A,,38.25054931709179,35.70158796521868,35.39984112480362,33.593083543856956,31.004248252002924,26.786438370718997,28.285218209879883,26.504854113145736,市监测站,南宁,108.3206,22.8225,N
1404A,,36.06067409843511,34.527525469759105,31.53835536352981,29.79401538309588,28.46978487762086,24.99209007591591,27.689475839002355,25.22730877945361,大自然花园,南宁,108.3829,22.8037,N
1405A,,38.46289234375777,34.716359314803896,34.26802858837611,33.72422289026305,30.570276488867595,25.170724112588427,26.803346430541893,24.88272615672312,仙葫(对照点),南宁,108.4394,22.7904,Y
1406A,,41.83814368248867,31.387079749699073,31.44091900375222,31.522646926593737,29.40100109843649,24.784458829519643,25.619866598538064,23.527827429396744,区农职院,南宁,108.2397,22.8467,N
1408A,,43.15073850648287,39.68664666848162,38.36964804061701,37.07652676784989,32.3528326541725,27.310161529193245,29.427637148709316,26.62314313629486,沙井镇街道办,南宁,108.2257,22.7757,N
1407A,,44.190270468946196,38.072127572514965,40.28302670917814,33.63235308158309,30.949946623977244,27.68022557790893,29.181132055755928,26.41819246560867,英华嘉园,南宁,108.3275,22.735,N
1409A,,18.340278070397364,18.27522365205794,18.054414269257688,15.191952900265697,14.541961179419337,12.99252701599466,14.095344572134216,12.842921998247306,东寨港(对照点),海口,110.576,19.9507,Y
1410A,,21.247098307257975,19.34307358498489,19.781938646961535,16.372669204684605,16.948198615490814,15.254776246102013,14.82618622212922,14.654191112340053,海南大学,海口,110.3232,20.0574,N
1411A,,23.191655451206785,23.7917495686208,22.053529935088214,20.2472751430113,18.637579145423732,15.777689432763177,15.839514073019712,15.074886601664774,秀英海南医院,海口,110.283,20.0053,N
1412A,,22.32336808704599,20.996182801637147,19.73430381133773,16.593633711335258,15.665150866338559,13.379385338292527,13.553764116582903,12.64426376785735,海南师范大学,海口,110.338,19.9969,N
1413A,,21.043198516720647,20.251364021865594,20.907606759881606,18.081780039755543,16.78874259199554,14.20038722061998,13.979546513729852,12.840995510702516,龙华路环保局宿舍,海口,110.33,20.0356,N
1414A,,30.89768542967041,36.859200270476634,34.12363207706996,29.6684654895141,30.898634473219953,24.688975014127376,26.142876013637316,19.334978251494064,缙云山(对照点),重庆,106.3787,29.8279,Y
1415A,,57.096878937967645,59.101785138522025,,,,,,,高家花园(停运161118),重庆,106.46,29.5736,Y
1416A,,55.29579193100612,52.90629613425587,47.56739434200415,39.35355561913645,38.85510979218762,33.323882025532875,35.19219660272266,33.8362194681781,天生,重庆,106.4213,29.8253,N
1417A,,57.17472413783386,53.875388799640426,43.54310554039476,37.997665137310285,36.524857589724746,30.90671592153189,34.345943627542866,30.063880750415358,两路,重庆,106.6263,29.7228,N
1418A,,52.20432460430891,51.34485129262716,45.47145888209713,37.72053243336486,36.2964921389528,31.599294973860612,35.482463120875046,32.982369770525274,虎溪,重庆,106.2953,29.5983,N
1419A,,55.98142176800732,54.73844746674791,47.94279243959128,39.74432337093682,40.642468206354025,35.17714551574244,37.66848309141395,32.123197619150176,南坪,重庆,106.5777,29.5102,N
1420A,,53.69799542593953,44.51027802691663,37.71283189259168,30.366122969879836,36.00024095947162,30.504567105633043,33.27322286209468,28.404228903347164,唐家沱,重庆,106.6556,29.6277,N
1421A,,55.04340405681005,52.6062716474248,48.15091747110135,42.7240624309305,40.8248107014219,33.32783202629253,35.72196274730739,32.284224364794476,茶园,重庆,106.6349,29.4906,N
1422A,,54.34929470956573,53.89125628943738,50.864092561128686,41.04346873631208,40.08750159346576,33.48413578651861,34.4215202452564,31.5840877812311,白市驿,重庆,106.3754,29.4572,N
1423A,,63.53306511110769,56.971224120230396,46.77777821379612,,,,,,解放碑(停运170928),重庆,106.571,29.5642,Y
1424A,,57.70095434437193,56.42867507549242,,,,,,,杨家坪(停运161118),重庆,106.512,29.5164,Y
1425A,,52.827041282345164,54.461929230518386,45.23217807653567,40.09581138666996,39.91091339417061,35.6259294547462,35.04915945863038,31.599916997940856,空港,重庆,106.6205,29.7166,N
1426A,,59.0158076041095,58.03093843838069,47.08974985416426,37.92349899254165,41.80986803925162,36.780696577717364,36.066676876426854,33.686450728952195,新山村,重庆,106.4782,29.4875,N
1427A,,54.884939256514485,55.865084175835456,45.22976699089212,38.3329669984441,36.09736680029388,30.89635871669406,32.15203796116949,26.903018999588546,礼嘉,重庆,106.5616,29.6453,N
1429A,,57.086848693188095,54.93110805701755,47.46325723002567,38.537745766456986,39.182126119313814,35.16302285968406,37.959376986995764,34.18001340516967,鱼新街,重庆,106.5093,29.3917,N
1428A,,53.295773172106315,46.930085151797215,40.45611330912385,36.443351482547946,36.52742213621911,33.03922691328135,35.93626041438087,31.713951387932042,蔡家,重庆,106.4522,29.7091,N
1430A,,54.32099116437345,53.220349842796296,,,,,,,南泉(停运161119),重庆,106.591,29.4272,Y
1431A,,67.93365590947859,73.33929900614265,60.99965270492294,52.77056868919603,46.268982053474254,41.7792696930013,44.42618264747263,40.29806759088461,金泉两河,成都,103.9728,30.7236,N
1432A,,64.77288948157559,63.626824580012574,57.29894751644171,51.46809519764989,42.93359487937309,43.22498013071091,41.99555057361202,38.85480863577295,十里店,成都,104.1419,30.6764,N
1433A,,61.49482990664785,59.03317061459975,57.50724121327379,52.223435986750616,43.07318317962997,40.68022708694577,40.510741942918216,38.96540147938181,三瓦窑,成都,104.0594,30.5767,N
1434A,,59.957394736083025,58.6842750266993,50.14880853854853,48.65809535326112,42.106560974070646,39.59562506936786,41.61290192693361,39.47183490894206,沙河铺,成都,104.1122,30.6306,N
1435A,,64.32423030697846,65.44562518969566,52.34253069197398,,,,,,梁家巷,成都,104.074,30.685,N
1436A,,,,,,,,,,草堂寺（已停运）,成都,104.026,30.6544,N
1437A,,69.72175064735826,60.28148735621893,60.195607777073086,51.80848991359393,47.357577732760966,44.200349594360794,44.3855697933329,44.07113110618618,君平街,成都,104.0431,30.6556,N
1438A,,41.75601263243811,42.915796694768,36.24849201510354,32.69311405133274,26.480423569423504,28.549648793558926,30.988102734298387,27.54096483385671,灵岩寺(对照点),成都,103.6202,31.0201,Y
1439A,,36.38995486812526,35.63148744528123,28.768163797808775,27.206747053242218,22.778737123819862,21.497825330675248,22.088524594036855,21.27902291612158,马鞍山,贵阳,106.6899,26.5998,N
1440A,,43.9966814116985,43.72077640817131,36.28878248106747,29.338529648102256,26.75760788735437,20.767893227798545,21.84276984427097,20.375115001010535,市环保站,贵阳,106.6971,26.5694,N
1441A,,34.89007250264679,33.963456340238885,28.625012812156,27.77167996181838,22.83798631243266,19.887114578549525,20.700670729991813,19.013599015250367,鉴湖路,贵阳,106.6243,26.6266,N
1442A,,39.45438259884331,40.79925543067226,35.421552763405664,38.346879000385066,32.74444954012772,31.261318235919045,30.59656551727989,26.710814734079076,燕子冲,贵阳,106.7487,26.6343,N
1443A,,39.81449222241026,32.187346957074446,30.04001509684401,29.478159601301627,25.300947546233285,22.411722738080844,23.34414526295296,21.424272667497075,碧云窝,贵阳,106.6555,26.4365,N
1444A,,38.402771200119986,36.81287479134899,35.1302493985588,35.9657525313767,31.933954490455665,25.438066098404924,25.84319744628186,21.25576069835684,中院村,贵阳,106.694,26.5161,N
1445A,,40.94601278879489,37.47580135010435,34.94585224893946,35.574938193168215,28.94202248895593,25.627222432678284,26.21311538515706,24.83728935529436,红边门,贵阳,106.7109,26.6027,N
1446A,,44.15017345190315,37.17269689730284,35.50586964192811,31.351256283981183,27.6005957535873,24.08558890144457,25.173723103714963,22.006541391755153,新华路,贵阳,106.7164,26.5699,N
1447A,,,32.66379776969759,27.247843762535044,27.30127410441236,23.135493812637925,20.782563278253576,20.75991805300582,18.548784176290578,太慈桥,贵阳,106.674,26.5424,N
1552A,,28.760946571228327,23.98876555013368,32.11066382871682,35.15446208773261,28.09901269541241,26.210929676390776,26.473089995373343,,桐木岭(对照点),贵阳,106.805,26.3003,Y
1441A.1,,,,,,,,,,,,,,
1449A,,34.352543369408124,30.2766867339444,29.826892832986623,34.43306421493803,,,,,关上,昆明,102.743,25.0124,Y
1450A,,24.105127234780053,24.265730868736327,22.680470042760813,24.10663536062491,23.325599395964442,21.08207350632929,22.24240722845714,18.88861147899278,呈贡新区,昆明,102.8204,24.8886,N
1451A,,21.13742073232352,18.274404121512692,22.111904240085106,26.06258932557495,20.701002085280404,17.95320526617246,18.08502587851405,15.936395742385887,西山森林公园(对照点),昆明,102.6251,24.9608,Y
1452A,,25.797553216091657,24.58799403547455,22.735733602781657,23.138930386420608,24.130068498702432,22.673762309538972,25.313803162099656,20.569987261402492,龙泉镇,昆明,102.7252,25.0902,N
1453A,,31.71062420682481,29.03782376768349,31.62549017865087,29.39247141946397,25.62487095196584,22.387741593617385,23.457555113111418,19.539729392427386,东风东路,昆明,102.7266,25.0375,N
1454A,,33.786832285183124,33.07712799888695,32.31561629759473,30.580896887725764,30.411443114123102,27.316537988953055,26.744281689182397,22.50210165143106,金鼎山,昆明,102.6742,25.0669,N
1455A,,28.977467127256247,27.17067681634751,31.746995342362293,30.85317929696114,28.5843714755844,25.982007348726803,25.23963219042114,21.068109259653212,碧鸡广场,昆明,102.6644,25.0401,N
1456A,,28.34786166525165,30.16050079061616,21.799631190127986,18.38333764932795,11.398932935780744,11.37093059958347,10.610951079232054,10.750429222381616,八廓街,拉萨,91.1319,29.6514,N
1457A,,30.170099684284953,24.63159901402046,19.181310868884168,20.105793605674382,16.391871257286695,13.304960940276901,11.319429749934516,10.616965650224268,市环保局,拉萨,91.1221,29.6747,N
1458A,,19.474785221785886,27.747721347370405,16.3318858348118,11.102051895225436,9.78286514635538,11.956433687953451,8.669992319608813,7.8942512053531795,区监测站,拉萨,91.0874,29.6475,N
1459A,,18.7167802330797,20.823337589346906,15.566707758581193,13.424297510642148,8.660496657853184,8.83728013781565,7.80647663577472,6.424307917106237,西藏大学,拉萨,91.1774,29.6541,N
1460A,,36.38572513206421,39.160285839229516,29.645820105247676,26.78833391644813,16.948423924416407,16.559578257366514,13.244351493953737,11.981518435023014,区辐射站,拉萨,90.9798,29.6588,N
1461A,,16.922727460065666,22.766670759298748,13.787988158830839,10.549692453025113,9.945307183875364,8.749913125373777,7.485304126315537,6.7107575767722825,拉萨火车站,拉萨,91.0834,29.6292,N
1462A,,60.92001229737062,81.49078048377766,80.39303218530185,66.34677432751063,61.70588431169326,54.48754173295281,46.25065606037216,54.3744974315,高压开关厂,西安,108.882,34.2749,N
1463A,,45.07164054601164,66.81533124971133,66.89150988363241,56.182533835204445,54.69809038208825,47.95851594528209,41.884878909114946,50.81417441914758,兴庆小区,西安,108.993,34.2629,N
1464A,,66.55699532240233,73.47309973100337,74.02138159326151,63.38036242552945,56.346945870585344,50.937296640806196,42.14254048188395,51.08648940370731,纺织城,西安,109.06,34.2572,N
1465A,,55.931313921291284,63.73120434625373,72.9996879616306,62.22125497248299,56.099726798669366,46.978300622463316,41.776239974970025,48.3653364519865,小寨,西安,108.9356,34.2173,N
1466A,,66.59332578162883,78.95112469105209,74.85834765903874,63.011313213282826,59.29386151886675,52.43393386369551,41.94890513587031,53.35248477605926,市人民体育场,西安,108.954,34.2713,N
1467A,,62.7054594516886,67.10349425090904,74.75425341094434,61.955437442791364,58.03987539794356,50.10583344359102,45.433007640977884,52.984905594799926,高新西区,西安,108.8922,34.2322,N
1468A,,55.998971667197786,90.70308647864823,79.11688084888303,64.22766755504647,60.051335078369156,54.74650143118034,45.4557493205542,51.703396002672704,经开区,西安,108.935,34.3474,N
1469A,,54.7577690545669,55.95513906467517,72.39963896277497,60.80735100699785,59.39930796453533,49.485913996585495,41.516064589996674,51.68081743199067,长安区,西安,108.906,34.1546,N
1470A,,56.19185381053313,69.60987189617815,77.58747912738835,71.99688360782923,64.33629931923683,55.89413601593043,,,阎良区,西安,109.2,34.6575,N
1471A,,54.29503991086731,66.32378586223578,62.909280183744436,55.70953909883394,57.2496562292196,51.70824958058149,40.834872945853924,49.1154743577504,临潼区,西安,109.2186,34.3731,N
1472A,,53.74049466206603,76.40702579729279,74.55767544183897,61.927167219241184,56.273975228625076,55.58268764762488,47.366234204871596,51.93145597031738,草滩(对照点),西安,108.869,34.378,Y
1473A,,57.720419989880575,75.00087636241273,78.24256630539243,60.17714109625218,56.150004490435556,46.422506423078,38.931318751486785,51.431394228430506,曲江文化产业集团,西安,108.985,34.1978,N
1474A,,60.096382602071074,73.15956077153447,72.39240019030012,58.16605706849153,57.720782581805445,49.82225588994975,41.66827500867065,50.47568982238927,广运潭,西安,109.051,34.3213,N
1475A,,50.435272510590444,55.53104262598201,54.140157946209904,48.370447442441865,,,,,职工医院（20181115停运）,兰州,103.7222,36.0812,N
1476A,,60.338758372009224,62.025897713601125,58.91585298169244,53.82200382607715,44.43600271618212,42.85956087335773,46.84616191200077,41.117776055383615,兰炼宾馆,兰州,103.631,36.1031,N
1477A,,39.19774095384169,34.823459950307004,33.1544003245537,29.73787396273744,26.57049085244105,24.678740637275205,29.01724295101215,,榆中兰大校区(对照点),兰州,104.1373,35.9454,Y
1478A,,44.74503434701666,46.14123546659745,45.3845965371268,42.19199415736728,32.42275329257467,30.60781092603142,34.29714831539639,33.452594918946936,生物制品所,兰州,103.8412,36.0726,N
1479A,,49.397020390099115,50.44404226415892,51.30017799591784,48.141668167621624,36.248648706039674,33.170291475563396,37.63709650848386,35.54785565864871,铁路设计院,兰州,103.831,36.0464,N
1480A,,46.7543402209109,39.92117632683185,40.05718157278665,46.69458428064779,38.68972656210703,36.94195379746095,,,市环境监测站,西宁,101.748,36.6428,N
1481A,,45.686679779539006,54.25698270447549,,,,,,,省医药仓库,西宁,101.749,36.6922,Y
1482A,,53.05131259741685,51.19762816951925,38.75303580300464,45.01258343036031,37.0879701593752,35.66398068583337,,,四陆医院,西宁,101.834,36.5819,N
1483A,,49.18003078368815,51.215788801473586,43.443887796505,38.12674096827467,28.09010748697348,28.030348413136526,25.915911323731866,,第五水厂(对照点),西宁,101.524,36.6867,Y
1484A,,36.66814782592879,33.63903696608301,32.99833928644003,32.85104511668895,22.41215666441362,27.19898481745985,22.56800546700817,24.367627746665637,贺兰山马莲口(对照点),银川,105.9512,38.6016,Y
1486A,,52.24549979704789,,,,,,,,宁安大街(停运160615),银川,106.217,38.4536,Y
1487A,,47.35441018169939,,,,,,,,宁化生活区(停运160703),银川,106.0715,38.4858,Y
1488A,,55.115804907151514,54.785920447266506,50.334071918709235,43.847432580007904,33.542549058479025,37.64215618378431,34.10267559423117,36.421542445556206,贺兰山东路,银川,106.2328,38.4975,N
1489A,,51.77157205449666,49.54100789701336,40.19961865151435,34.49705644599102,30.458620050928722,35.51022832791981,31.175047535021072,32.83420976566204,学院路,银川,106.1358,38.5036,N
1485A,,44.4760959216708,,,,,,,,银湖巷(停运160703),银川,106.2682,38.4744,Y
1490A,,70.57218739001006,79.18645751375409,77.78920160306747,59.83019483306454,52.84644498098814,52.265542149319124,46.10066713256716,44.50031330064538,监测站,乌鲁木齐,87.5801,43.8303,N
1491A,,51.638339609781745,69.41012498321692,73.71173849619376,57.925843876368525,52.94302290259523,48.53861743877396,41.640017880810774,43.451068834138404,收费所,乌鲁木齐,87.6046,43.768,N
1492A,,97.31922644079145,99.17662067631517,97.92179795715911,77.99362611977507,75.6210441278746,73.25977951697647,62.58377695357249,57.77018379536441,新疆农科院农场(对照点),乌鲁木齐,87.4754,43.9469,Y
1493A,,69.00747417411392,71.51166389514466,82.33990144791268,62.28824748999348,63.36131563833571,59.105723978746845,53.25828469638565,52.93617322344271,铁路局,乌鲁木齐,87.5525,43.8711,N
1494A,,54.76725381722942,63.58099895975196,72.9160924280317,61.425564194881986,51.16398153447944,46.28409193972433,44.9467978847674,53.383750680317476,三十一中学,乌鲁木齐,87.6432,43.831,N
1495A,,69.63026065466768,75.15897023448468,,,,,,,七十四中学,乌鲁木齐,87.4171,43.8729,N
1496A,,66.70532251211444,78.62189346417212,73.79352312642688,71.96146212581301,74.39260982949456,73.05524938392924,56.35970004997661,60.076221813817426,米东区环保局,乌鲁木齐,87.7216,44.1747,N
1001A,,84.80420114123436,78.95253280169823,62.30016384886743,52.79670189619803,46.22269125166128,40.43510575289778,36.49055627042881,33.04618518173067,万寿西宫,北京,116.3621,39.8784,N
1002A,,64.68340681863897,60.20013638946848,47.36601838230279,44.509182957900734,34.269625425762634,31.98683024105895,30.732230186642195,24.801527246925325,定陵(对照点),北京,116.2202,40.2915,Y
1003A,,87.30872229854896,81.11968094961568,62.50696678883481,55.003332968564685,44.90745395314128,40.45998781076512,36.670602672402026,32.537129345156465,东四,北京,116.4174,39.9289,N
1004A,,82.52399654321555,74.41373106938865,58.23775388450259,52.19844559872041,46.16131812035004,39.914034150031924,34.837423898176105,31.84200201206603,天坛,北京,116.4072,39.8863,N
1005A,,86.59814453799994,76.5158383068049,60.664752748582224,52.49281963587693,44.94846254616206,39.54497478578463,36.12308167866264,32.01167499374843,农展馆,北京,116.462,39.9365,N
1006A,,82.62451756299912,77.3374412743385,58.2288385129773,54.001053428078436,43.55756963349596,39.12412917963288,36.43980194694432,32.35426761288954,官园,北京,116.3392,39.9295,N
1007A,,80.64350555352452,71.91135440442122,56.9987807429968,50.93388157435684,42.202785516973435,38.722585487079115,35.12995941374994,31.556760344020176,海淀万柳,北京,116.2878,39.9611,N
1008A,,81.8369811410537,71.94757494176218,57.83887073683496,52.23067859622819,42.29920301895115,36.936089273604544,35.35083903875057,29.893052987238647,顺义新城,北京,116.6636,40.135,N
1009A,,70.67954662377485,61.41924388492645,50.18388695705158,45.52368824743827,35.49657137663131,32.3264487444559,32.3822942393909,26.806008119087497,怀柔镇,北京,116.6275,40.3275,N
1010A,,69.46483897027368,61.928192114560694,52.04367908208383,46.97867986600925,37.64354121030533,34.72956552523986,33.29490676106262,28.04499192322361,昌平镇,北京,116.2296,40.217,N
1011A,,82.22119335275694,74.68981557882151,57.720409505452864,53.28584191052615,43.02367183922903,38.77418823139705,36.30127403787062,31.660305726136286,奥体中心,北京,116.3966,39.9821,N
1012A,,83.20877467382111,77.87069138383644,61.78006760203717,55.24201979559618,44.96438473698602,41.48482612517668,36.97045514858409,31.85933710857354,古城,北京,116.184,39.9136,N
1508A,,54.91520894017507,49.070268389882386,49.954751291373164,46.970715679206805,46.93220530773439,39.46302046952188,44.36234995747002,38.36589969231052,板塘,湘潭,112.9433,27.8614,N
1511A,,55.22025376579768,50.39788721307086,52.13907470818298,49.09046927307065,53.76370504144628,39.13271617812272,43.73731617926074,40.65229771930695,市监测站,湘潭,112.9118,27.8403,N
1512A,,55.90946822598982,49.84447168119849,53.36406300703089,47.803282699403574,48.13065979270518,39.85358919811597,42.58202613446791,38.584201429383754,江麓,湘潭,112.8937,27.8728,N
1513A,,58.714862900998554,52.7033316523494,53.538611674954694,47.73807659854129,54.27336765092776,43.103387634355414,43.086536862759985,38.99635055445223,岳塘,湘潭,112.9227,27.8159,N
1514A,,55.14588095635592,47.8784291203421,52.82853201555062,48.57942622370642,52.744585455928714,40.313212765712606,42.268315950998655,41.22750869957466,科大,湘潭,112.9074,27.9119,N
1562A,,60.24915892719211,53.4433885851789,48.124294527158966,45.23080461312689,47.96124752737814,40.11129363466272,42.55997997980083,38.280788480663894,昭山,湘潭,113.0048,27.9153,N
1564A,,64.80901010092792,58.45995984440393,48.10471347045863,32.987294738861515,37.31924771403071,28.315037916860067,26.77096195280692,26.763877223232708,韶山(对照点),湘潭,112.4876,27.9164,Y
1515A,,58.68637437869707,50.720965503749454,60.325954216227544,40.49833041267246,56.59589433017842,,40.25170920597627,36.146755975090116,天台山庄,株洲,113.135,27.8244,N
1518A,,61.13715645980263,53.931901990203926,53.7619115323644,44.65010134345673,50.802463339370355,37.676612785064144,38.00224379220147,34.95352612692712,株冶医院,株洲,113.095,27.8867,N
1519A,,51.69534530653844,47.30470350832672,50.073556585363725,42.72239745822974,46.03631987849602,37.27442878225721,42.52125769203691,37.43658960921317,市四中,株洲,113.167,27.8667,N
1520A,,57.15354492077396,54.97187163702147,54.30302776132313,44.49604828040424,55.453224033485704,38.33881039036291,40.42860157924997,36.03743833569229,火车站,株洲,113.143,27.8381,N
1524A,,54.53297770522832,54.15522207396835,54.1549106526439,44.71016446118007,49.7137593693812,38.53625570623916,42.920477341855076,39.423848850544616,市监测站,株洲,113.13,27.8528,N
1559A,,47.43133096104222,42.93846978752224,42.502601267335976,37.02985493197559,41.62632685700562,32.9214389544561,33.028098924554584,28.951093046881095,大京风景区(对照点),株洲,113.251,27.8336,Y
2031A,,49.15043169297284,43.387563424770505,43.541396759098454,45.606483053787876,48.860050410399595,40.993553618722224,42.502606882420544,33.3028601085582,云田中学,株洲,113.1817,27.9958,N
1696A,,35.126110819534944,31.13779425683631,32.437714224976716,28.61218544924018,23.82016111429983,20.953853969162815,19.649825369349283,17.106845104566133,源西(对照点),河源,114.6778,23.7569,Y
1697A,,33.4653367165551,32.26712936404046,30.70233054236959,30.765665487253244,25.20284395579861,21.99901524121156,21.28101704066348,17.815321482743986,东埔,河源,114.6944,23.7586,N
1698A,,34.810967475484496,31.147237544770448,29.052089858135318,27.575272632444108,23.718882980566363,22.512412451816207,20.54402068113662,17.515906518299307,老城,河源,114.6892,23.7233,N
1702A,,33.472597593507764,34.31369664642574,33.28854705334076,35.88986465366071,31.593883623300094,28.21444203402965,25.64548541108007,24.669282970600822,环保大楼(对照点),清远,113.0426,23.691,Y
1703A,,35.88011709822743,36.05846526921443,34.888308869256036,35.14120200370554,31.939319319554862,27.429766598155354,23.957581531383486,22.352445896065912,凤城街办,清远,113.0208,23.7106,N
1704A,,31.580541857475062,36.832552645085805,,,,,,,高新区,清远,113.0622,23.6272,N
1598A,,46.98522854424395,38.78029582177957,35.235182688041895,33.529839115765576,37.44182519390376,35.794106002464744,32.401055087522266,26.561817863835007,镜湖西路,营口,122.215,40.6511,N
1599A,,45.310172343803806,47.43549487867301,43.28850655442591,40.6109472648146,42.56479128263989,39.45979276996907,35.360477113060554,29.883725615004597,西炮台,营口,122.167,40.6655,N
1596A,,50.94119684800145,44.492090984347904,43.41397886682236,40.35477470996026,44.26320573441711,42.082840837876276,,,学府南路,营口,122.2414,40.6592,N
1597A,,50.78614526518072,48.09724115734536,49.65955135165194,46.320459507123886,47.50741464549678,45.73255176684239,39.51893078044357,33.785615236178764,大庆路,营口,122.2703,40.7094,N
1600A,,44.82622453243508,41.83475230696309,34.99497391717225,29.847078760681768,34.282765394749774,32.037688397129855,31.433625819561733,27.004022599281406,江湾东路,丹东,124.3303,40.0625,N
1601A,,44.909288887317935,41.3703863364984,35.18923622633935,30.478304853250812,32.18543583510551,27.380693153117033,26.486278119754456,21.988861583619325,临江后街,丹东,124.4256,40.1503,N
1602A,,43.52107277723701,42.140862612765716,35.30756439287541,29.47343081393256,31.16244666878371,27.761043034701462,26.86644815948341,23.778779707436687,元宝山,丹东,124.3933,40.1461,N
1603A,,51.5188759150309,44.85109266831516,36.024888793709884,30.24865261173348,32.75878876349648,29.210590593963435,27.313864520987032,22.478191367617942,民主桥,丹东,124.3633,40.1092,N
1604A,,54.820702918848696,43.15288835760444,43.98695910979582,39.029327197207664,42.12165282883134,37.587158679702455,34.7619630818256,31.272578696169532,开发区,盘锦,122.0303,41.1489,N
1605A,,53.993494223919384,41.19732988334956,39.082968273166166,37.102548071925895,41.286547752309836,36.19683522545124,35.56099419835731,29.73709869396321,兴隆台,盘锦,122.0485,41.0883,N
1606A,,44.43512387383155,35.61291501583019,37.575922731292366,35.71497561796106,35.403475185811686,33.71979019552215,31.093889046384334,27.36060271844137,新生街道,盘锦,121.8297,41.1028,N
1715A,,20.018149637436853,20.707931514787337,18.353835750146548,18.935150972038816,21.387568963237875,17.62875801725905,18.75474781854512,16.609072890983356,东风水库,玉溪,102.575,24.3711,N
1716A,,27.19446835931053,29.086923119533,,,,,,,市监测站,玉溪,102.5433,24.3603,N
1717A,,24.419900333358033,25.37274680856908,,,,,,,大营街镇,玉溪,102.4964,24.3411,N
1585A,,45.688412788677276,43.40517832400314,45.7495905191735,37.35111916707158,35.48408745837441,40.16603719011327,35.013246749361976,25.87717222744503,市环境监测站,包头,109.8756,40.6532,N
1586A,,53.01459287522016,48.641994929438134,42.72909279339492,38.91399816536548,,,,,包百大楼(停用200107),包头,109.8104,40.6575,Y
1587A,,53.16437459092274,45.550841359044156,48.73677869468727,45.05350769956164,46.33331139931997,49.76167512956305,41.90724477704368,30.475061429966203,包头八中,包头,109.9991,40.5842,N
1588A,,46.854869056328305,45.05972394160924,48.75994777814194,41.53991399913436,41.072190899881726,48.7771454945121,40.696636910009055,31.530952203354804,青山宾馆,包头,109.8538,40.6821,N
1589A,,52.59074335749546,51.19133287995559,46.695906451320276,35.61716125803777,35.53753665513828,42.10111363387268,35.87207017769455,27.295603594474557,惠龙物流,包头,109.8642,40.6288,N
1590A,,50.5499547644668,46.71842436798658,47.57969557246799,42.03087805561717,40.05469256932199,40.80623816170731,33.103069077872696,25.99110532710747,东河鸿龙湾,包头,110.0377,40.5546,N
1591A,,28.97784602447617,24.67120153991873,25.860170936366696,29.24881143814976,24.222309320774283,24.22058488653616,27.743684178918954,24.221924376417682,综合楼,鄂尔多斯,110.0023,39.8129,N
1592A,,29.33599336060384,26.493821031872343,29.348357711543755,28.910099090530036,25.74724786072609,27.63892495709163,31.355690582714285,22.169922519096982,巴音孟克林场办事处,鄂尔多斯,109.9486,39.8261,N
1593A,,22.60171600245778,18.458871671900805,18.15726863220581,22.25065737138877,19.500805233514626,20.518654314903436,25.762431065406034,18.380543403687934,康泽苑,鄂尔多斯,109.7736,39.5986,N
1594A,,27.515429522783386,25.258379919578374,27.610332716680812,26.158088569998263,23.642573010527418,26.384230068795038,29.19189482816042,23.10493501288171,华泰汽车城,鄂尔多斯,109.8119,39.5989,N
1595A,,28.910697686705284,24.58024916693262,25.650772632427305,25.5464755554953,24.150042954837968,24.838917856472882,26.750775125947698,22.346817235075683,奥林花园,鄂尔多斯,109.9734,39.7884,N
1607A,,58.84297516341918,55.06327785641953,53.43039350344624,46.2904638648518,47.5607272146632,44.55320214746371,43.04337019192842,34.351194773192994,龙港区,葫芦岛,120.9092,40.7136,N
1608A,,55.70142636531263,44.89836698887797,47.94005051143694,44.76178662074226,48.017806143760055,42.518221665431604,34.878551185773844,33.024347384715895,化工街,葫芦岛,120.8392,40.7514,N
1609A,,48.14073086678393,43.60979946341348,40.678028483482905,37.20972765928347,45.07615501548349,40.77774123205901,36.01026455359926,33.50379207939118,新区,葫芦岛,120.8341,40.7073,N
1610A,,52.019543168008084,45.1560628337047,49.17846196806526,45.272800481780386,48.90758943696055,42.41459261157932,38.773618775199935,34.370122897961856,东城区,葫芦岛,120.8695,40.7677,N
1614A,,22.836399570229588,20.55330180987512,21.83812042561691,21.550801856112255,19.140299049262037,17.343231807421713,18.141225063201073,,清源山(对照点),泉州,118.6117,24.9604,Y
1611A,,28.087927927655908,30.612350620588003,29.06628638892179,26.178879730626953,25.481633313927365,21.253227480607524,21.234141948432345,17.74857135707222,涂山街,泉州,118.5819,24.9117,N
1612A,,28.905753596531166,28.051213584361825,27.01553713306103,26.024024532302835,26.072600625410693,20.751081022311574,21.29158791417801,18.757154579239,津头埔,泉州,118.5972,24.8978,N
1613A,,26.077042287496685,25.73444175052488,27.821488995926014,26.112742936182798,25.21980335322507,21.006403047737933,21.666810879228553,19.904674948178997,万安,泉州,118.6663,24.9424,N
1615A,,98.2705112195767,79.55370886539389,,,,,,,植物油厂(停运170603),济南,117.685,36.205,Y
1616A,,76.79586503845564,75.53261055979752,64.04387355655297,61.89397139409246,58.10825985476837,54.3522695858629,45.3808640215888,41.8579177391662,技术学院,济南,117.6795,36.229,N
1617A,,86.9493179787494,75.00496559598027,,,,,,,日升国际,济南,117.715,36.2081,Y
1623A,,105.56388201679349,82.56807404751875,,,,,,,黑马集团,德州,116.2729,37.4504,N
1624A,,,81.78219724687017,67.5462849643106,56.05528976698906,54.67732305759425,50.42064334987231,43.13838413853594,44.39757304075396,监理站,德州,116.2991,37.4451,N
1622A,,86.17939338724656,,70.9809479702648,55.824330166426186,55.779338356112994,50.14907599169534,43.08648132265444,41.038010220897405,儿童乐园,德州,116.3032,37.4674,N
1625A,,104.11860253420629,88.45586372491724,73.76163834105428,60.34836459081563,57.938336692460766,52.58553493470741,48.52795429264606,42.46606825630422,区政府,聊城,115.9848,36.4372,N
1627A,,96.78466446143953,85.3656423587456,71.69667330240642,60.092871883477244,,,,,党校(20190222停运),聊城,115.9835,36.4796,Y
1626A,,85.94078548349832,,,,,,,,二轻机（已停运）,聊城,115.9968,36.4568,Y
1628A,,77.65620236202912,74.71961508099514,70.6038562159887,57.69094807117238,56.013122253842454,50.00508879141048,43.07685503800523,41.92644197364943,市环保局,滨州,118.0062,37.3803,N
1629A,,81.05302608395014,75.45738860826893,68.64718759505332,57.15463902866721,54.97126093654856,50.62553242868877,44.077224957281935,38.100552499735315,第二水厂,滨州,118.0018,37.3617,N
1630A,,76.74967854433564,73.46702714844938,64.27760834202401,55.01696090098698,52.62530959714805,47.57725824705966,42.95650390481626,37.54708078913306,北中新校,滨州,117.9776,37.393,N
1618A,,72.38550623723333,64.01068521147796,53.17097584171845,48.47189603880254,59.61554977806212,50.163715288226065,46.91535525837173,43.64473811435718,沂河小区,临沂,118.3429,35.0532,N
1619A,,78.98892391791333,69.8064427694764,56.7273783793691,50.83264865611687,60.79338679552465,48.405821220767955,44.44696701987488,40.76992946618084,鲁南制药厂,临沂,118.295,35.0583,N
1620A,,81.48645046120522,73.01534824313869,60.775033085344994,51.522125983569765,56.92747858231268,49.24449708338462,45.18769634602509,39.79750095539763,新光毛纺厂,临沂,118.2794,34.9976,N
1621A,,76.28539318830536,62.739349499682994,60.592097580110675,54.84523248233309,56.94650029959443,46.322123526950705,42.82953381435037,39.873607860129425,河东保险公司,临沂,118.3956,35.0888,N
1638A,,94.61461392561439,81.19786505636044,67.86797739932472,61.10814117798933,60.75615027018239,55.77156937376804,48.53064431947322,44.593665434641316,薛城环保局,枣庄,117.2852,34.7837,N
1639A,,89.65231800672936,77.47781185022107,62.44094314516984,56.18552177771781,63.48066128299884,56.228537264408736,46.153167285855005,42.23535499259108,峄城区政府,枣庄,117.5852,34.7745,N
1640A,,85.53254754598375,82.45372433012008,69.65514782827665,68.721134093378,63.33882063148221,55.0892194588744,45.63389813225697,41.01431189689425,台儿庄区环保局,枣庄,117.7276,34.5578,N
1641A,,75.35895594276673,74.9189363888549,63.52817528628266,53.744880109767635,55.89323515909605,51.414457863841626,43.54216103504533,39.11791747129427,山亭区环保局,枣庄,117.4518,35.0992,N
1637A,,86.01943258624613,71.73981474942101,57.87700467275552,54.54662494671989,56.70056993000093,56.55703460662894,47.43469732148156,42.89146505584901,市中区政府,枣庄,117.558,34.8438,N
1642A,,44.35279649038976,44.03617050525102,35.915470567367535,32.046919165038005,38.617644792196465,31.724842217910314,28.845326298040437,24.49276640165801,开发区,烟台,121.2514,37.5639,N
1643A,,53.717202014287494,40.508227340854965,34.70531622656349,28.508813222275368,36.36209102820103,32.68928249067433,30.848319154801423,26.28410407771565,轴承厂,烟台,121.3719,37.5433,N
1644A,,,39.538232050602055,35.71627928766759,28.724767781995606,36.571284939367864,34.39043885102211,28.588530600014675,23.224356236885296,西郊化工站,烟台,121.3181,37.5436,N
1645A,,38.79721883480687,37.796956285040444,29.69958699051107,27.601082092376203,35.81365059151445,31.19384701188028,27.57460026230336,21.806768886268213,莱山环保局,烟台,121.4478,37.4822,N
1646A,,43.24899112971127,37.965818252638925,37.43140949882582,34.46794492657901,42.48533675243338,33.02162960105915,30.63050227706165,25.83133381444024,福山环保局,烟台,121.2611,37.4967,N
1647A,,42.15467222761467,38.756670149815335,,,,,,,牟平环保局(停运170519),烟台,121.5953,37.3872,Y
1631A,,82.1434131021905,74.1870331589718,57.15925113302406,58.11957959331709,62.60666058433918,61.83142591307053,54.68742622969142,48.18311574081553,人民公园,淄博,118.0414,36.8103,N
1632A,,80.88310820087408,64.84111536590187,64.88825013520398,58.95731389917514,60.15017009376071,51.65360752295231,,,东风化工厂,淄博,118.0253,36.8406,N
1633A,,86.4808247153424,72.71417202323374,65.70514217975128,56.19815371771782,60.1820654122886,55.30173311531194,51.15300600244024,45.104545910790655,双山,淄博,117.8525,36.4847,N
1634A,,,,61.4684195872612,52.45373939813944,53.39408802379036,51.55977057710363,47.52618335788307,42.309450448056,气象站,淄博,117.9592,36.6331,N
1635A,,88.56258882827454,82.17961746904572,75.92685588023102,63.90014893977644,61.88683756133395,54.202841770565705,48.253485158979366,43.30060633378221,莆田园,淄博,118.3092,36.8194,N
1636A,,99.98426281619464,83.81956656314942,71.54250726751262,55.885993220221366,54.795366575883584,48.65975727055316,,,三金集团,淄博,117.8661,36.805,N
1651A,,62.500375776096284,,,,,,,,共达公司,潍坊,119.1614,36.6572,Y
1652A,,70.59032334994126,64.01627686712658,59.08376198142864,52.73477386831806,56.08778908863167,50.06354390375018,39.07623733772223,,寒亭监测站,潍坊,119.1936,36.7729,N
1648A,,73.30473317171952,62.648429212853586,58.20981096255659,53.26091844402208,56.17929412185094,48.378821605539954,,,仲裁委,潍坊,119.12,36.7019,N
1649A,,67.04873558873723,,,,,,,,刘家园,潍坊,119.0919,36.7306,Y
1650A,,68.61016266292073,61.83963589738967,58.959548374085664,51.813465118348674,57.35539837897574,50.754104871361974,41.271752315455316,35.63224639753355,环保局,潍坊,119.1437,36.7023,N
1653A,,76.55088930628744,70.7327474066941,58.26414115652922,50.48825220815595,56.611269287245236,53.99252386021642,47.250764554029764,42.78063433427734,火炬城,济宁,116.6251,35.4302,N
1654A,,84.13651253347899,72.85557842667514,59.35173108571288,53.88159888526414,59.8425286616841,,,,监测站(停运200103),济宁,116.5856,35.4144,Y
1655A,,83.32553169719415,65.12188853947951,54.454768234667355,48.14351031453566,53.990996039654846,52.093933805289325,50.08672915272792,45.0662408077928,电化厂,济宁,116.5491,35.4042,N
1664A,,37.168929691827884,32.18686265964163,28.837888271842907,26.11904807438389,30.507978157437858,25.451518453065376,24.086849932893724,20.902534212518972,市监测站,威海,122.1067,37.5072,N
1662A,,36.089814884639104,36.071578184079776,30.72019052300207,28.354828878749945,34.155751962699846,29.208486173757297,29.235354271248333,24.5155021289052,华夏技校,威海,122.1214,37.4236,N
1663A,,39.88556714447188,36.55511101539557,28.718047934599895,25.680568568631582,29.946143536557038,24.775144434369153,23.4808552415649,18.22744189532563,山大分校,威海,122.0508,37.5236,N
1665A,,85.70718991356364,70.59564639235,61.15740652334947,50.1582888478057,48.466795174521685,46.07893012703538,,,西城阳光环保公司,东营,118.5019,37.4658,N
1666A,,71.30655730191016,54.859981006680464,50.4614016812536,46.79800733870465,47.043767623436494,43.97592900433818,38.36904155311908,33.46175515617645,市环保局,东营,118.6614,37.4309,N
1667A,,82.97302410563147,68.06016266548517,63.304518553966666,49.26675500402154,50.00838811682128,46.768598949115756,,,耿井村(停运20201117),东营,118.5857,37.4442,Y
1668A,,,,,,,,,,广南水库(停运170301),东营,118.8192,37.3781,Y
1674A,,30.94628010469196,30.384414481160142,29.584511527060055,24.75705553083312,23.48392474702476,20.442750947654858,21.194103282180183,18.700047237969503,金平子站,汕头,116.6794,23.3667,N
1675A,,28.632366072000316,28.496203341055278,26.199618016494284,23.672509752097262,21.109269191636713,18.48324012055229,18.5515609947048,15.45960372860987,龙湖子站,汕头,116.7244,23.3633,N
1678A,,31.749200422070604,29.50723684361089,27.11229822400949,24.86404536271687,22.973258260887892,17.55320659960662,16.822001628983134,15.202597805014324,潮阳子站,汕头,116.6092,23.2539,N
1679A,,41.88377553190033,34.019705335119276,36.15270265481534,30.91789449140829,25.70596497093642,19.28555971145431,,,潮南子站,汕头,116.4069,23.2533,N
1676A,,28.358773420546893,26.338598413300602,23.95474813885139,22.2539423631846,19.847884391251455,16.752033748687225,17.356714079230148,15.886174777017422,濠江子站,汕头,116.7258,23.2775,N
1677A,,32.89736436214365,32.31608344138039,30.956105286920526,29.305240244011074,26.692765608422715,21.758619135047752,22.634768647674477,19.746724303173472,澄海子站,汕头,116.7519,23.4714,N
1656A,,69.31937260716525,64.3732189050267,59.80579705766389,52.271008331096766,58.926523169172086,52.46038799876684,48.279580952853145,42.51933891664237,监测站,泰安,117.1437,36.1937,N
1657A,,62.59866825349683,63.070488036499746,53.961823753276555,48.89872790987574,52.7742847460876,46.69382642429294,42.124566859095744,36.30493249357943,人口学校,泰安,117.0885,36.2017,N
1658A,,73.60509401704643,71.17723856706819,63.0589180746997,55.11637261728688,61.92173386975069,52.348616253032525,48.890563632426534,42.57297792373633,电力学校,泰安,117.1089,36.1758,N
1659A,,65.55748455082919,61.932818818533576,50.13431283521221,44.47488792716738,48.97663323917817,40.29227196458188,33.45031268847423,31.471346134884506,监测站,日照,119.471,35.4209,N
1660A,,57.84571899349334,56.14175414533342,46.617582576239684,40.78582020175626,45.72356673783217,35.28865573120185,30.817507291306715,28.30419414995675,市政府广场,日照,119.523,35.4216,N
1661A,,,,47.47412638847523,42.24977831741317,45.9602708055935,38.486373553813465,34.17865885560207,28.111557281517193,港务局,日照,119.5587,35.4044,N
1722A,,37.87495194777906,,,,,,,,红旗广场(停运160601),大同,113.2858,40.0958,Y
1723A,,39.37973585777705,31.081445923132513,38.61854085519974,34.771938930520875,32.189263997797994,31.336207008820605,29.816060739904074,26.39635542547448,云冈宾馆,大同,113.2994,40.0758,N
1724A,,38.20684042291828,35.679014268103174,36.268411454394055,32.67177390773625,30.258154873311703,33.44060982104311,31.100648787369657,22.778895582353258,大同大学,大同,113.3444,40.0917,N
1725A,,40.24576448380738,38.212258119593216,38.26330718326346,39.228669600312806,35.54444507599326,30.68328772617447,26.920570389855364,22.23820731535047,安家小村,大同,113.2661,40.1269,N
1726A,,42.66940257356114,44.300342064194986,42.80624070914408,37.20103507622832,31.32630938462239,29.674628551753543,38.08182072260996,28.73526665022395,教育学院,大同,113.2711,40.0844,N
1721A,,39.90893727448571,36.51958808444976,39.71057161639359,38.24839841096006,35.30772540321329,34.33847455044605,32.56376434907771,,果树场(对照点),大同,113.3819,40.1097,Y
1738A,,58.62823818317759,61.47198211042937,66.31465776867356,58.17356683328625,48.80623635621032,43.67334979860612,48.86916778571057,42.71658937960578,市中心,阳泉,113.5758,37.8572,N
1739A,,46.80185502230583,55.50169768565775,63.960796302532145,51.81161258086897,47.38461675461785,42.771122209718776,41.055944579922404,37.838811694552945,赛鱼,阳泉,113.4894,37.8731,N
1740A,,67.43757340740193,77.73703309017247,70.57382014595578,65.68409430879348,54.656631002893974,48.4557161182791,47.97130791845364,44.22471223574613,南庄,阳泉,113.5819,37.8486,N
1741A,,63.254815348405494,70.26665102468486,71.671558514767,67.37087298102722,58.83715414383994,51.31306497046473,,,白羊墅,阳泉,113.6292,37.8531,N
1742A,,50.20598743782475,61.37298252934177,61.95367311868672,59.801411308466236,49.6795373190841,45.81825373752864,47.491733264473524,43.162014983819134,平坦,阳泉,113.5614,37.8703,N
1743A,,37.28895924582353,42.670325444932395,49.518039462681465,53.44475106383768,51.18050858416444,44.125688824269034,43.23792173545099,38.9407262295506,大阳泉,阳泉,113.5158,37.8392,N
1735A,,49.9781916605858,63.109548143615015,79.49781759140848,73.25703894629449,59.652791263417825,49.19855028185261,,,工商学校,临汾,111.5169,36.0822,N
1736A,,48.010416947711484,58.45820291285782,80.13766461043534,75.82740108314594,61.900856562206485,53.52199946277272,54.91169090511509,48.68822963311972,市委,临汾,111.5018,36.0855,N
1737A,,53.95359149348077,79.4346679946358,91.44281359370852,65.98996810726541,74.91356329138513,,,,尧庙镇(停运191230),临汾,111.4917,36.0417,Y
1732A,,58.97606852355482,48.54342998269646,,,,,,,市监测站(停运161122),临汾,111.5125,36.0978,Y
1733A,,88.64181563787044,106.05120711954868,79.75253231515279,63.92845156672144,59.89999191371992,49.83703962363737,51.48596430133416,47.29710247809989,临钢医院,临汾,111.5531,36.0783,N
1734A,,51.92102407520096,62.39093161628761,78.91022439824188,66.99308596761098,64.57490724121976,54.707301097656575,56.346540245666255,50.79758487499608,技工学校,临汾,111.5028,36.0714,N
1870A,,44.88701238959281,40.51415457392278,41.532838460500045,38.61103599895203,32.586605222911516,28.866340181783826,28.92128179097683,32.50621477236264,柳东小学,柳州,109.4856,24.3895,N
1871A,,49.59208584773296,44.09530893922889,49.92534038277499,43.44718222369192,37.93398652968613,30.105921103358458,32.74167177283258,29.557263103938112,环保监测站,柳州,109.4157,24.3277,N
1872A,,52.230982236606,49.3291684526091,48.22377490223333,42.20233172600711,38.706598479558274,29.734061485438993,32.662398318263286,33.27564182103413,河西水厂,柳州,109.389,24.341,N
1873A,,50.29969642282917,43.99683778387503,43.037774333570184,38.6992746002037,35.43941328972333,29.63132596486954,30.547453222074665,27.838530343160944,市四中,柳州,109.4311,24.2921,N
1874A,,55.14059907164722,46.92571329119298,50.10976714873197,50.45998755142756,37.18015348728314,31.18891819018612,35.875935237113936,30.720068913092828,市九中,柳州,109.4006,24.3631,N
1875A,,42.94960839477598,40.9251181630191,38.28911646309308,31.96378046233535,28.24484826017641,24.672716329681553,25.931274355276766,24.14169044883678,古亭山,柳州,109.4958,24.3134,N
1727A,,64.2938032147575,73.57242604244293,62.93014731511861,51.78191686050146,48.05912151565979,44.212593404469956,41.66561834589607,38.908199201641686,清华站,长治,113.1147,36.1547,N
1728A,,64.82621035985738,71.52508542926161,63.736825389280376,53.743480353341155,47.81857542585719,46.848636403083866,46.20421026583664,37.62542501691439,监测站,长治,113.1031,36.1989,N
1729A,,,,,,,,,,澳瑞特,长治,113.1466,36.1961,Y
1730A,,63.275120931586954,66.89283201221961,63.129837282129714,54.29531245123443,48.86916495336792,43.49258879592937,43.44513766468338,38.457117820853746,审计局,长治,113.0886,36.2125,N
1731A,,66.68235065763344,75.75417331687586,66.44610544558627,56.543624780864825,48.91580910185583,48.22998925468847,37.30675037303463,36.37150483979772,长治八中,长治,113.0844,36.1856,N
1918A,,48.948826573574664,79.98411897024668,77.58570263977853,64.98410028695929,60.987858054852076,51.362697271678506,48.482855610360225,54.59746624588712,气象站(对照点),咸阳,108.7197,34.3956,Y
1919A,,56.59439499846782,76.42977845875224,80.84745620611464,70.2988886981209,66.60011809277445,55.203519066643274,51.1278543383394,56.754082093047316,实验中学,咸阳,108.673,34.3155,N
1920A,,55.2534601127953,79.35949442378825,79.7850805279152,69.31374113743911,65.01228364529835,54.45349399411523,50.994566392050245,57.17627818023131,师范学院,咸阳,108.7233,34.3617,N
1921A,,79.077809655222,89.02502361735165,82.029671050745,,,,,,中医学院,咸阳,108.7369,34.3164,Y
1922A,,46.583171772227495,47.4056160883691,46.17168351627833,42.03794136643574,42.97292339205991,38.97977200728099,32.61376132579113,36.49697281537357,党校(对照点),铜川,109.0656,35.0994,Y
1923A,,54.12698109554535,53.821168097453004,54.72736727754115,50.632555299765976,48.59614650639465,42.98139025039851,37.514950025819594,38.09858305548379,王益区政府,铜川,109.0697,35.0697,N
1924A,,59.8879094898908,54.834955419728345,50.41951661981267,43.86593683766786,46.38138572364178,43.39568824432373,38.89683678848722,40.401728887722,新区管委会,铜川,108.9344,34.9058,N
1925A,,61.73116258895659,69.41463018920902,58.29034013677995,51.69455286032413,50.47564774977543,43.785956489613326,,,新区兰芝公司,铜川,108.9589,34.8731,N
1866A,,35.36064880414125,32.67540052081481,33.89059180110689,32.59375544679551,30.083405067628483,24.639243936990916,26.738101327995853,24.755369364139415,牛尾岭水库(对照点),北海,109.2262,21.588,Y
1867A,,29.567328181022262,25.447145714014788,27.941971912383863,25.868893792176692,23.90692400443998,20.353314371135706,20.3495012892539,18.84389034031275,海滩公园,北海,109.1436,21.4086,N
1868A,,29.756784508238717,25.676238693633408,27.813492911547087,24.312266748818324,25.58242233925366,22.42262370298804,20.676460795892527,22.676169573416125,新市环保局,北海,109.0981,21.4661,N
1869A,,32.989635116379404,33.47745033948534,31.270265332633404,31.416656242863933,29.328282393172188,27.286639971897667,28.91243952914899,25.938745383991378,北海工业园,北海,109.1778,21.5233,N
1939A,,56.468296822853844,76.54777735725037,73.86431020875435,59.843339228868366,57.766933652848095,50.76114614717321,45.05486184290717,53.47022251619214,日报社,渭南,109.4974,34.4877,N
1940A,,63.54626938508972,75.513548915493,72.23757493854019,59.34894094442012,58.82552730433158,51.12809202453054,44.3748743806648,51.97207605258132,体育馆,渭南,109.4636,34.493,N
1938A,,54.038864827935114,71.51339734932412,64.84270353591502,54.353400764275044,49.2932705083915,52.86800125046476,44.54535615572318,56.84939141035259,农科所(对照点),渭南,109.5293,34.5101,Y
1941A,,60.1382690236967,76.94878166529769,71.00592763835124,59.62080605306575,56.20602496417187,57.168422375491325,50.13012992881779,56.263211308085005,高新一小,渭南,109.4259,34.5023,N
1926A,,33.844645065079845,32.62577850844452,32.12211876565992,33.958673430439056,29.60151044572187,28.173003347142835,27.57889209123783,25.0179540624514,枣园(对照点),延安,109.4131,36.6275,Y
1927A,,45.346288255553006,40.14813219275602,39.209656278009646,31.649453932180254,29.614234291913682,30.76284906475274,30.949290550580383,28.30642942578047,延大医附院,延安,109.4761,36.6028,N
1928A,,42.30806757238066,41.846594674163754,46.00793388850644,39.01787830423864,35.80596751296265,33.98644516090177,,,市监测站,延安,109.4824,36.5767,N
1929A,,56.39946583774037,47.902689944972515,46.22345497561083,40.312152361639605,33.208923773452675,32.55639081935019,32.78670345444684,30.280609298612916,百米大道,延安,109.5056,36.6106,N
1931A,,48.855211203427025,53.483738228112216,51.16558177417901,44.657872165708675,44.89296709914891,40.81965857006032,33.96297092924089,40.165394019499914,竹园沟,宝鸡,107.0708,34.3017,N
1932A,,43.96164761040839,45.643786387331694,59.85940897680783,54.1636577387734,54.04959933409929,49.63677989020586,45.13203986639872,50.39906768289196,三陆医院,宝鸡,107.1906,34.3672,N
1933A,,56.91508550806825,60.45798122295879,61.32759568209029,49.94445971568278,49.50066212644131,43.401375826803864,38.62027647037863,45.462082642463024,监测站,宝鸡,107.1431,34.3547,N
1934A,,56.33677303773479,55.518486957208964,52.897942035485755,50.23925726263728,49.449159575152784,43.165990848673935,38.24641501284772,46.3727974845865,技工学校,宝鸡,107.1186,34.3739,N
1936A,,60.54337755950951,60.230227663876036,57.775955143204406,50.48652081252126,50.52714877130383,47.141687458009415,40.03521296450914,45.72971579161453,文理学院,宝鸡,107.2058,34.3497,N
1937A,,61.85496379553139,62.699500625087836,58.887099173212185,52.81017202538737,56.070576278970236,49.37636552866544,44.34125472571015,50.090475516305034,三迪小学,宝鸡,107.2386,34.3622,N
1930A,,50.63288856474185,51.060960211578916,46.62339892556647,42.003120037308115,45.06667226574544,38.44325110836657,33.3048207141802,36.922942958424464,庙沟村(对照点),宝鸡,107.185,34.3063,Y
1935A,,72.62118095019021,74.74042259488915,75.88345107832832,64.84932282324417,61.43136693042191,54.812930784251286,49.570549795848976,53.0020646871998,陈仓区环保局家属楼,宝鸡,107.3906,34.3528,N
1669A,,33.053292790150685,35.60177604965812,39.1053339929201,36.06141090087334,28.536297866854408,24.846722565467534,24.336539765096152,21.051205064178525,市八中,韶关,113.5824,24.7733,N
1670A,,34.83701609622521,35.05229727344054,37.385211417948874,36.034713470376424,27.67808989367282,24.261957388298725,,,碧湖山庄,韶关,113.5556,24.8082,N
1671A,,30.287779731521326,36.4784127002183,37.030305981937886,32.27187944224008,25.99269955178974,22.652432301609704,23.016702993339077,22.64694192990273,园林处,韶关,113.5917,24.7972,N
1672A,,32.972185573074974,31.236712201767556,35.804171752917156,34.480290564180905,29.792172222557987,25.624937962196757,25.79600043506804,23.72087312745599,韶关学院,韶关,113.6735,24.7791,N
1673A,,37.701443335154025,27.755257719078198,43.09304490157433,38.817596072208126,30.715133083880907,23.037500958826957,25.152289079592183,22.15447063873099,曲江监测站,韶关,113.5971,24.6863,N
1718A,,88.45688846514919,80.5725267262466,67.33798148225125,60.83805878705189,60.44498148393075,55.85949867919813,50.714894703138604,51.75432623707269,气象局,菏泽,115.4208,35.2464,N
1719A,,94.30895732544197,79.95620126901184,69.59736878219024,57.10308377535804,57.92891494053343,50.09020190705238,49.01997220249328,48.13134171439851,市政协,菏泽,115.4747,35.2375,N
1720A,,97.28651157012513,84.74464623893365,73.5587997318203,63.82626237753509,60.8421603773639,56.17075412153946,,,菏泽学院,菏泽,115.455,35.27,N
1680A,,31.608356342415355,25.55979950707258,29.14740758918904,25.18930134418334,24.96372325233881,20.61296708426027,22.308496429694767,19.954886008880727,湛江影剧院,湛江,110.3539,21.2706,N
1681A,,25.54758829509934,27.472785641583904,27.751785510355063,24.678908722203165,25.026885426722917,21.48033451080491,22.636441271098242,20.491163970239157,市环境监测站,湛江,110.3928,21.2228,N
1682A,,28.031788296426768,26.6455399357547,29.286325981891352,26.451629846832915,25.842732274421916,21.091558332760194,23.04825154101379,21.15102406251027,环保局宿舍,湛江,110.4019,21.1997,N
1683A,,26.144783112750147,25.142024813577514,29.778091799975627,26.18928575375462,24.818256036381865,20.182367818900854,21.87567545956552,20.877267949169457,霞山游泳场,湛江,110.4111,21.2028,N
1684A,,31.17253306953212,30.363381050464504,31.223271382108422,26.50507335038233,27.04516917687229,22.462475231507515,25.168074571606148,22.554183768792516,麻章区环保局,湛江,110.3316,21.2679,N
1685A,,24.44227948866206,24.510587070835506,28.8390328882484,26.53008414745256,26.73251496245338,21.860119251382184,22.784516367211243,21.41463715442836,坡头区环保局,湛江,110.4558,21.2567,N
1686A,,30.322376756748124,22.6897510401927,24.31055027885617,20.245563745977602,25.670544418928507,18.98859466855664,21.09598913937434,19.728592687836635,电白南海,茂名,111.0286,21.4688,N
1687A,,31.656284603863043,29.273605973720464,30.11253452087253,25.343924998072925,24.82576310166607,22.16375685214851,24.555530295647074,22.349420539417977,茂石化七小,茂名,110.9294,21.6533,N
1688A,,35.08961139099074,30.57633345604763,33.10212894378504,28.572013584169863,25.649061775906453,20.998375204618082,21.15423578348988,17.99141962640038,健康路,茂名,110.9107,21.6687,N
1689A,,30.732363990182023,29.901489278443137,33.12075379205382,27.843640636751527,25.81770572064631,21.194088646980266,21.49734197275517,22.50182873967398,高岭,茂名,110.8592,21.6828,N
1690A,,32.015820092296956,27.868271915110228,27.264703585225266,24.92640634683082,22.094802506808144,20.743897506649407,21.596922843011743,17.93328501823361,梅江月梅,梅州,116.1231,24.3284,N
1691A,,34.18037247360383,28.984875250076648,30.475909155313154,28.99952432721663,25.53524495184779,22.064940181366595,20.60853903336079,19.747978598402295,梅县新城,梅州,116.0797,24.2719,N
1692A,,35.03651413473771,28.48396340288975,30.77089845560295,30.487157569173597,26.02149841043244,22.083903701418482,21.769060696941956,19.511555294354157,环境监控中心,梅州,116.1248,24.2654,N
1693A,,26.58683583688763,24.49764388431556,26.118539516893552,23.26135529482408,21.40881053177452,17.091100835805538,17.342572419611667,14.651675333853786,市环保局,汕尾,115.3653,22.775,N
1694A,,28.11510641813108,23.151142675688533,28.779894626011853,21.73452361009743,20.715284234575066,17.405980212652636,18.427604426105784,15.874496316989115,市政府,汕尾,115.3706,22.7898,N
1695A,,28.966604874438257,25.383035084033096,28.705720672726915,23.53140533396093,21.91749336076823,18.556705677474582,18.491389091559988,16.092540035420253,新城中学,汕尾,115.3622,22.7925,N
1699A,,33.274474769650276,29.898104462577823,33.63753246939324,30.768262849810647,29.10108369127286,21.345771819254285,22.264261834460935,,鸳鸯湖(对照点),阳江,111.9797,21.8593,Y
1700A,,33.754584965321335,32.60825327475519,33.77961362515313,31.560762775346994,29.925899375512504,21.825837480602463,,,南恩路,阳江,111.9508,21.8536,N
1701A,,31.04218510875677,28.714744892893926,32.26479442246455,28.97981147995659,27.292947901763913,20.653964338695626,21.909862866756118,22.249801661325098,马南垌,阳江,111.9491,21.8658,N
1705A,,39.15592609642794,31.156903718017684,30.759998065499037,29.218188694046077,29.583160918146934,25.806178695287805,24.0500551295662,21.59593418335453,西园路(对照点),潮州,116.6367,23.6719,Y
1706A,,34.64220555038496,32.028748657045114,29.351982356089714,28.184163673632774,28.51734101561785,24.9314068319433,23.314639137495043,20.17950474822356,档案局,潮州,116.6447,23.6706,N
1707A,,42.35108716752078,35.67824181754603,,,,,,,市政公司,潮州,116.6175,23.6531,N
1708A,,37.389054156049774,39.604714241545764,33.31357450430375,34.472601707870496,31.58376405884987,30.35292403862247,29.322584327065478,25.941723336051545,新兴,揭阳,116.3701,23.5345,N
1709A,,,39.63111576304022,36.51464821572722,36.91627963535294,31.72380360419391,26.848500114855536,26.947393470731544,23.969826081042243,西马,揭阳,116.3264,23.5443,N
1710A,,38.756712781513684,37.30782121889381,29.737306180357997,31.41587097231699,28.396396199647345,26.628557386383076,25.724395322098438,22.673331061013503,东兴,揭阳,116.3611,23.5626,N
1711A,,46.29273683439871,42.24845635323322,37.53636646506493,36.83967285568289,31.395479900579605,29.492341015085213,27.580661686521214,22.968960683299965,渔湖,揭阳,116.4151,23.5294,N
1712A,,35.44271288508074,35.71751321400108,35.46383134473649,29.697510511187346,25.859895511020607,19.867295526676955,20.875251501677624,,新市府(对照点),云浮,112.0392,22.9169,Y
1713A,,30.389437071944197,31.46797681926597,38.94864077848623,34.39733698714261,29.522387224818573,20.95659555171537,,,市监测站,云浮,112.0369,22.9394,N
1714A,,37.23054803400065,37.09589466151499,35.852790735797896,32.2176413138586,28.82132241965313,23.246364520695778,24.12879691080744,22.63254991366023,牧羊,云浮,112.0539,22.9539,N
1839A,,68.49201870251309,60.689185804756875,58.36509406628506,52.106903341130526,53.72898830959991,39.58654089891817,,,四零三,宜昌,111.3009,30.7157,N
1840A,,69.90746311303943,64.06564328914892,60.24121663121013,52.94591299887085,53.3858921670983,41.40991995339729,40.11745944569044,37.36766969094343,白龙岗,宜昌,111.2992,30.6981,N
1841A,,77.07741864530324,65.67859478498438,60.070881851680774,52.27827626758031,54.83635963678863,43.6310873066241,40.344295540686495,39.96759685400715,伍家岗,宜昌,111.3549,30.6465,N
1842A,,66.18099146593708,61.56562889932174,56.89666587653466,53.509829965642794,51.56798491163798,40.09119728797741,40.01523111887654,38.878601479968665,点军区,宜昌,111.2628,30.6961,N
1843A,,68.87572484703385,57.542265971179894,56.20418711931721,50.3447215155965,52.21038809055302,40.88246699616403,39.99778183501987,37.33321033287377,夷陵区,宜昌,111.3275,30.7819,N
1844A,,68.27821391473154,56.73198655916725,55.69127150880067,46.282688004181885,44.35279539773125,35.74926652040271,33.67099592010851,41.62393870065108,市图书馆,荆州,112.2494,30.3197,N
1845A,,69.04744956358745,57.97599072297631,54.19359898194701,46.16802502883442,46.13847238476494,35.99365824215569,35.01152235167676,43.30813997634493,市委党校,荆州,112.2008,30.3544,N
1846A,,74.25568809156236,65.450770649382,59.01875831759194,51.42346410369568,,,,,科融环保,荆州,112.2887,30.3055,Y
1744A,,43.98623933142428,39.226980596304244,35.04216906910612,29.855656766437242,21.785809657825293,20.718182445919656,20.018173300507886,15.76279758481158,松山一中,赤峰,118.9233,42.2816,N
1745A,,36.31991490700993,29.741678911323895,31.325038860553022,29.1800595070745,21.184761799016158,21.034308348345338,23.167046022059072,15.35686366648914,哈达街,赤峰,118.9576,42.2728,N
1746A,,29.74172066089686,24.912900739490762,25.263557065582976,26.4483375238522,18.991719576376585,18.503805350957375,18.192316301817435,12.771268425380295,天义路,赤峰,118.8788,42.2554,N
1747A,,53.057601015540286,53.59245415748991,,,,,,,松山路,赤峰,119.2719,42.0317,N
1951A,,25.27072841805747,20.37324025895245,34.850018108188834,27.63937017518975,25.295042442755488,26.948814433901365,24.063459859965892,23.190141840402344,长征新村,克拉玛依,84.895,45.6094,N
1952A,,23.66918016210396,25.86413477389516,28.536625360008628,21.070305078413785,21.41297612509386,22.151567697402065,22.008742832676578,27.634660138679013,南林小区,克拉玛依,84.8988,45.5893,N
1953A,,40.81710816610616,25.907832382873405,30.717909171538402,32.283268347557126,25.002069687130433,24.25978313752263,,,白碱滩区,克拉玛依,85.1186,45.6886,N
1954A,,40.0799392556441,53.67812545019162,43.83983879963264,36.7121927293675,33.898326950457204,38.58741539279428,30.436967462465958,32.11496145383577,独山子区,克拉玛依,84.905,44.3396,N
1955A,,24.999631848396984,21.078990322233363,32.558900102656075,23.13609433404508,24.67078493207837,24.85910892249004,20.325318255685985,26.042411286509825,乌尔禾区商贸楼,克拉玛依,85.6979,46.098,N
1956A,,56.53104221471284,60.626775154328676,47.10075663479345,50.2523190622092,50.55657005712719,46.318773477350526,45.203108842857,40.26714713902612,孔雀公园,巴音郭楞州,86.1472,41.7538,N
1957A,,50.15817671466742,58.18643599851978,48.98043921700883,52.583388783909015,52.821045947399334,51.35849388641122,43.44963931828019,42.93177143977751,棉纺厂,巴音郭楞州,86.1972,41.7166,N
1958A,,41.14900456495881,54.08879531158855,38.81887480037778,42.20679074543332,38.57372909491802,40.692700522882454,37.13272337993041,36.14698558236535,经济开发区,巴音郭楞州,86.2357,41.7173,N
1779A,,32.4534541450385,34.438867693706825,36.41499163602588,27.12078803248722,29.643909537906236,33.4011884117658,22.044308364343653,23.07274091620869,安居小区,齐齐哈尔,123.9305,47.3636,N
1780A,,33.65262787248824,34.52897963970357,30.199910437398653,25.699135017115996,27.450994128261694,28.699246775428676,19.11031847222684,17.493970124272998,中心广场,齐齐哈尔,123.9488,47.3386,N
1781A,,33.35835074523069,29.13750493598977,36.2047151636114,26.94306339584249,25.74404427994245,29.104823977509337,19.592203269723505,19.09573768092043,农牧车辆厂,齐齐哈尔,123.9483,47.3227,N
1782A,,42.58943006455163,31.840874792182728,39.26992540478044,25.504857001315305,24.965446042880284,,,,富区环保局(停运191231),齐齐哈尔,123.6261,47.203,Y
1783A,,43.48457306747977,47.30498303338353,47.736279973891385,34.003260360296615,32.74250067453753,29.07587796608024,20.5598442157693,26.227399986294305,市环境监测站,齐齐哈尔,123.945,47.2988,N
1784A,,40.45458246391584,33.048662088949406,39.25844947194286,29.68889385051012,30.510948288722883,28.636098139295186,,17.97793565872052,环保大楼,牡丹江,129.61,44.561,N
1785A,,46.320351912579284,33.22633637529169,32.96324788188922,28.31205170632846,31.610749720968794,29.40395704525854,27.954652306660364,24.56448736576499,文化广场,牡丹江,129.6115,44.5782,N
1786A,,49.54315843412756,38.271257927318004,35.49927687794947,33.03248405698455,35.87252307071217,34.644536712433975,34.822326375315505,28.44401437120873,第一医院,牡丹江,129.5904,44.5963,N
1787A,,60.89315001056375,43.6651522014043,44.91685984958884,33.62589912682559,38.19841229343828,35.539281241999895,31.52472171900545,23.09041672462812,机车工厂,牡丹江,129.6364,44.6075,N
1788A,,42.149679403295245,36.15844531834365,30.57107705527859,24.651916927613374,29.30560941062875,25.069204690298076,23.910956448316792,21.225116182588454,第一中学,牡丹江,129.6386,44.5462,N
1916A,,30.714436702608246,30.5536312780256,28.046425773289744,28.02737900903117,19.75529909955106,18.687857693531345,20.767654673863795,21.216499913634305,环境监测站,曲靖,103.7897,25.5035,N
1917A,,29.494423597563635,30.921588337519605,28.454152213648786,28.38915619798798,21.96568519648342,21.012975243399257,20.69225798083335,18.590867788889497,烟厂办公区,曲靖,103.8,25.5364,N
1803A,,54.62745576604697,48.86894422434349,49.85023725304839,42.97429416886001,46.760083717030106,40.025283421557425,35.535439059262934,31.97142126399597,十里,九江,115.9872,29.6815,N
1804A,,49.50774350687603,52.008214047398404,50.25031402031522,41.2905306560792,45.34929446004169,36.607400380444545,35.02615642148942,32.82591624113275,茅山头,九江,115.9584,29.7046,N
1805A,,50.96282763615495,51.486816974287215,50.28089628663453,46.89755945098749,53.70962374500038,42.322594581125855,35.32019143750875,33.891927097994476,西园,九江,115.9877,29.7295,N
1806A,,39.35336091800132,40.77064579951516,41.08995024747511,37.41597525128423,40.120711749846876,34.09954249631227,29.85990996364645,27.940205387428517,五七二七厂,九江,116.0172,29.6547,N
1807A,,51.446054528134226,46.52479628753867,47.154558688522236,42.500068967570044,,,,,水科所,九江,116.0628,29.6926,N
1808A,,54.44951844810455,53.12864554064778,49.965292575524145,41.9261043981373,44.52955877184914,36.48412217152436,33.39983816808743,33.415346128419635,综合工业园,九江,115.9114,29.6038,N
1809A,,51.409202228282744,54.878225296658755,52.523441252413974,45.41511309674557,49.502237947443746,39.480887221230205,32.548023886203524,31.19056086117217,石化总厂,九江,116.0721,29.7535,N
1810A,,24.912843376140295,27.10216949315339,27.73785566827037,19.57029810734487,22.867294124119283,20.464358808580577,15.2706749907325,16.81683807950821,庐山气象台(对照点),九江,115.9773,29.5698,Y
1942A,,44.13762166639103,37.34137376775678,33.670717747262124,,,,,,市科委(停运180727),金昌,102.1878,38.5247,Y
1943A,,30.85215075226222,27.202640610761073,27.09867718326066,25.530480255795833,20.895993756642433,21.106889777255308,25.23259550878594,26.32432458157719,新川苑,金昌,102.1725,38.5339,N
1944A,,34.69180652063545,31.169695629992155,25.73414619141124,23.76634870427739,27.568955235970797,23.17792534743384,26.817730269043917,23.909444161886917,天庆家园,金昌,102.1692,38.5167,N
1945A,,32.332958751512535,31.842863174426597,25.047851881017372,29.84571024476137,26.400203769604158,29.581237975205873,31.178048381483936,28.873739317331214,气象局,嘉峪关,98.2908,39.7711,N
1946A,,,,,,,,,,,,,,
1811A,,73.0720005835446,73.7111477363086,70.26258397138331,64.54288578233414,63.696950830700985,52.24756044306761,,,中信二小,洛阳,112.3628,34.6692,N
1812A,,71.85130366023934,76.2256974398416,79.46782090069686,63.51455459573117,61.764724997488074,50.33263794823829,42.62932237712727,45.619865167296744,市委党校,洛阳,112.3931,34.6516,N
1813A,,66.30364116472468,,,,,,,,市监测站,洛阳,112.4333,34.67,N
1814A,,74.65786161921255,76.78890737123473,72.24120914177541,63.298270603990254,66.36960931455967,52.335384396545706,46.71134566534547,49.78569919392979,豫西宾馆,洛阳,112.4657,34.6871,N
1815A,,71.120367351013,78.57746746596673,79.6651484411432,57.11153608095589,63.03413303655681,53.652672683495354,46.351330435167164,47.10445776750054,河南林校,洛阳,112.494,34.6886,N
1816A,,74.12514626998431,78.46219620483393,75.67023008734706,55.304808975580585,60.18629699801702,48.38927351490996,43.454491200274255,46.41193241783116,开发区管委会,洛阳,112.3844,34.623,N
1817A,,73.26795531720136,76.64912534032742,70.47362809270915,63.41749862934254,57.95173037090898,48.014813895999474,43.34071024786505,46.76754760005394,市委新办公区,洛阳,112.4267,34.6258,N
1818A,,88.3978711166042,83.12494856612466,76.48757705416328,70.79819473551778,69.26084973000212,60.66951131674281,49.64715658202929,,棉研所(对照点),安阳,114.4839,36.0621,Y
1819A,,,83.23221295157782,86.81955714510187,76.02178995703338,73.16410367949226,63.45452940172598,54.49490810074095,49.479245751171575,红庙街,安阳,114.3551,36.1017,N
1820A,,93.95247493561602,82.8189856469601,80.90904637524531,72.03284748574515,69.47887095736327,60.96010127341994,49.79630800661605,57.00216758929031,银杏小区,安阳,114.361,36.0681,N
1821A,,83.12732273551364,91.3366508943708,85.81045869182705,,,,,,环保局(停运171207),安阳,114.3931,36.0883,Y
1822A,,99.93093269410252,89.20407722297712,81.50670075197995,77.39469866662155,76.98617433547165,,,,铁佛寺(停运200115),安阳,114.286,36.11,Y
1823A,,74.93349567143271,72.79591537297098,66.55269524904723,,,,,,河大一附院(停运180109),开封,114.3406,34.8022,Y
1824A,,76.95358153057109,72.88742490027786,67.18100988245607,64.05440816142135,60.41787370922721,55.00859553901864,48.29468907291804,51.34913429842539,肿瘤医院,开封,114.3389,34.7781,N
1825A,,69.7733407939754,71.37170580536038,69.05145268726457,67.76209304117201,,,,,妇幼保健院(20190322停运),开封,114.3733,34.7975,Y
1826A,,74.38710028168737,69.75710398854751,68.80851125734763,64.50217949323714,59.97357776261542,53.00879968444147,47.015698531924826,50.26847290053695,世纪星幼儿园,开封,114.2885,34.7965,N
1827A,,88.62075884602787,80.70622147027952,73.59828237950246,,,,,,市监测站,焦作,113.261,35.235,N
1828A,,77.49013617663971,79.38661559167163,76.9493652034393,64.36463610247502,62.39517207457453,55.15701039384268,46.31883266456476,50.3938328017575,市环保局,焦作,113.2269,35.2127,N
1829A,,94.18725055828438,91.34155346421213,80.29589489938218,69.25291390875806,66.86810082506526,57.39648032606395,48.517459530045336,,高新区政府,焦作,113.2467,35.176,N
1830A,,87.85120113301109,89.62560484095266,71.01607206445578,62.35922907376071,54.27713730447472,53.70712266730123,46.52132777596164,,影视城(对照点),焦作,113.1987,35.2703,Y
1831A,,92.41188426140575,76.19349831118225,68.84122821656001,68.00855879038184,,,,,高压开关厂(20190304停运),平顶山,113.3064,33.7214,Y
1832A,,89.54498682492206,76.76512681730752,71.05442484087969,65.92506396629658,57.302226182181045,52.4306776704771,49.91121778109004,51.32282834469635,新华旅馆,平顶山,113.3257,33.742,N
1833A,,91.3719598124875,75.29937631178464,66.59425795086662,63.198158807782185,57.94541066949216,47.38242941565462,47.0120411059546,47.40899313068471,规划设计院,平顶山,113.2919,33.737,N
1834A,,78.61748306899212,70.77349381510422,69.74384757111336,64.28688868161741,61.66187298000949,54.808185650318514,47.037313753118795,49.42384673542853,平顶山工学院,平顶山,113.182,33.774,N
1835A,,70.15767653305203,60.780961018334274,59.19968163516408,57.04462483403656,55.18057493147568,50.09331553294828,45.34260718443539,46.55153255224501,市政府,三门峡,111.1922,34.7752,N
1836A,,75.24469923719154,68.47479208935609,65.13005284228417,60.89705241873035,59.69134086130147,47.07843136158628,42.292751294205154,46.58509397593403,开发区,三门峡,111.1587,34.7942,N
1837A,,81.1797588111823,72.4869763147399,,,,,,,二  印,三门峡,111.1858,34.7917,N
1838A,,68.17694925343517,66.25522038518646,60.291355970263346,54.95388420393826,56.38864817844544,46.3425196279049,41.64281093888884,,风景区(对照点),三门峡,111.143,34.7955,Y
1911A,,42.14448525767362,42.97329046108938,37.68959885694024,29.22695285903739,21.83239990095615,21.517563586598214,24.86350420703381,24.022930099339476,丁字口,遵义,106.9222,27.6869,N
1912A,,33.52085269390912,40.41127650968139,32.18654889243969,25.68555640030949,18.643038495640415,17.056639638875517,20.025923683616064,19.52387956836973,凤凰山,遵义,106.9242,27.7019,N
1913A,,46.091547854985556,47.76876998397275,29.39862643598051,26.543026660964824,22.765931854208837,18.629226429947785,22.173975992905792,21.142901035731565,忠庄,遵义,106.8906,27.6486,N
1914A,,42.84671197943239,,,,18.162235654955868,17.01342227169325,22.76142616262435,21.528159749274046,舟水桥,遵义,106.9231,27.6506,N
1915A,,44.49384345333029,45.83769913627956,33.69496045982131,28.316407616602795,19.3090367213937,16.471447114638693,21.710229586892712,20.74239071238712,干田坝,遵义,106.9178,27.72,N
1985A,,54.533110928981955,43.36390197929671,38.88769072307362,39.0308571147114,35.30255497832321,28.451439102346995,25.644336403042338,,吴江市环保局,吴江,120.636,31.155,N
1986A,,55.92537484412449,47.4121974663786,43.56892674796151,40.239563115503955,38.09564930924141,,,,教师进修学校,吴江,120.635,31.17,N
1987A,,55.29921083833297,44.23117201919807,40.79801490772238,39.69906113073134,37.20435999220761,29.146574600999696,27.986815867127138,,吴江开发区,吴江,120.658,31.172,N
1988A,,46.12117799629571,41.82340374295478,37.67165192002428,36.86230690623403,33.97804725808017,32.27915310708922,30.685009490976046,,昆山实验小学,昆山,120.953,31.388,N
1989A,,57.277801053650485,47.02120056676717,41.59769235557295,35.42237448967003,35.32130000380381,30.898460432994902,25.50675945082864,,震川中学,昆山,120.999,31.381,N
1990A,,56.067656347382425,,,,35.8569170532096,32.72299821172248,28.448721509128475,,海虞子站,常熟,120.758,31.67,N
1991A,,53.4244052066206,49.835432854696556,46.029649717785325,37.20174160152157,,31.908628588943184,27.845921125981842,,兴福子站,常熟,120.721,31.671,N
1992A,,,49.96509144234906,45.24929816352062,45.446150702736944,38.63317499021891,32.37069224696994,27.754027521251142,,菱塘子站,常熟,120.734,31.656,N
1993A,,58.79052135249486,54.55218715545419,41.97905316746812,39.788110241388765,39.09934610501987,32.96357031474234,29.49762171892542,,张家港市监测站,张家港,120.526,31.874,N
1994A,,55.12357368326119,,47.42146802100285,42.29845219949019,39.91596034931129,35.718252655702514,30.842044494613283,,城北小学,张家港,120.55,31.882,N
1995A,,53.20044017415519,40.98395231252818,39.15528877445668,37.96242479319145,31.366943825300527,27.536413287700302,26.039364382643704,,太仓市监测站,太仓,121.115,31.453,N
1996A,,44.48171956701599,44.21455701504548,42.66068071342646,36.177221596705444,29.02310304812017,,,,科教新城实小,太仓,121.14,31.422,N
1997A,,49.74350054074237,41.07955768549348,50.050395691854845,58.561689054429756,43.4147936428374,36.50544435006259,35.35908190026424,,消防指挥中心,句容,119.146,31.955,N
1998A,,48.40980464609832,42.263107936985676,44.984080843883135,47.23890039767178,44.610738133549724,37.73010907598621,34.023236228568095,,房家坝,句容,119.18,31.955,N
1999A,,69.4058595700973,61.5262347835359,57.33725007404206,48.59423191051291,41.92543924527351,37.16161576608164,32.902202709625556,,虹桥邮政,江阴,120.268,31.92,N
2000A,,69.89509063721773,59.35090766289493,54.32393718006632,53.08664864687652,42.395596611378956,36.34658883168759,32.6862950278327,,五星公园,江阴,120.237,31.909,N
2001A,,65.43330207901703,64.83585839800321,59.49563181622003,55.99609117276863,46.86553978112135,39.69533591578192,34.21588327003835,,第二实验小学,江阴,120.302,31.92,N
2002A,,45.247928106071605,39.76959773832833,40.60411212867978,43.773191856255316,38.49277148697046,30.0087389997198,27.962359928667393,,宜兴市环保局,宜兴,119.818,31.354,N
2003A,,52.81138259387652,51.97112066493547,48.22355626683253,45.917848597347856,37.89726899387984,32.3764891845423,29.20543501097284,,宜园,宜兴,119.794,31.371,N
2004A,,54.39826173829218,43.88341116638844,44.173829630923166,46.60531116690301,43.64081262718646,38.1180945971819,34.87187270113504,,金坛市环境监测站,金坛,119.579,31.751,N
2005A,,53.26877174679654,42.640280554483944,45.46535348678833,46.58865756004519,42.37907795847353,37.42874428054846,34.52689260018348,,金坛市自来水公司,金坛,119.579,31.737,N
2006A,,59.16572992971553,48.43411397407659,47.705968372887675,44.6065282282337,41.44983918357498,36.372524498691,31.168766319148137,,溧阳市东门子站,溧阳,119.46,31.4,N
2007A,,57.5190341625721,45.4977471324849,43.41964298224333,45.249221217004596,42.377718548556395,36.09636040864299,32.81451990066662,,燕山子站,溧阳,119.438,31.317,N
2008A,,51.21833108275617,41.929883457413546,35.78891306050273,33.629730548672924,31.85434290225639,27.307298032459535,24.956115243537166,,海门市监测站,海门,121.173,31.896,N
2009A,,52.69559503288937,41.41198319276396,39.329821197770485,36.027178457681764,,29.897364623063126,26.271936446274076,,社会福利院,海门,121.1518,31.89708,N
1847A,,48.744472290816944,48.470753003985614,51.23572868453216,47.306688682634196,46.17780813140817,39.7046284568606,36.979847061060426,35.710146074933675,南湖风景区,岳阳,113.1094,29.3578,N
1848A,,57.65821302452747,51.469215546705016,51.30986172038694,45.69677287703099,43.593402941550394,36.10144151828385,34.892779271527914,33.87261603346337,城陵矶,岳阳,113.1493,29.4251,N
1849A,,55.503093202022825,50.9296723578293,46.961506208594784,39.401501888669536,37.617123913146145,33.10998253597791,32.25564056321008,33.81481064080531,开发区,岳阳,113.1497,29.3575,N
1850A,,52.68381910378403,44.86301448225656,49.7523664493129,45.377473080817865,43.04728712605579,36.85393809330259,37.05294517867908,33.09017961909842,云溪区,岳阳,113.2621,29.4758,N
1851A,,48.467602025239,47.89425840328234,47.555952528687136,44.04559103764193,47.82617925946767,41.61726611162745,38.54807548961609,37.658496230940244,君山区,岳阳,112.9943,29.4402,N
1852A,,56.428670518551755,49.33634758738173,45.588595929849646,42.805508940310666,40.261320119698524,35.667238910336216,33.52470063471413,30.564466568809234,金凤水库(对照点),岳阳,113.2117,29.355,Y
1853A,,54.533339157737956,54.027196679364394,52.281477503499076,,,,,,市监测站,常德,111.7044,29.0244,Y
1854A,,52.30149828181643,51.683318590226875,47.197026488245946,42.51182118491951,45.750061728298505,40.107041753622525,37.93247633276873,39.36025761225358,市二中,常德,111.6975,28.9703,N
1855A,,52.94434949055507,62.00295464401408,57.68435103593719,,,,,,鼎城区环保局,常德,111.6753,29.0239,Y
1856A,,46.69093159017906,55.49581999912688,47.56656224861282,,,,,,市技术监督局,常德,111.6794,29.0381,Y
1857A,,34.584749546256404,47.78899675802009,38.058440580635136,37.89627057221046,43.764765174453,36.77774061161911,34.198947074183664,35.64691366774213,白鹤山(对照点),常德,111.7158,29.1456,Y
1858A,,58.95977405123653,48.94728032653037,46.6146944650785,38.775538090717866,35.8319009129066,30.886816835846144,33.413013398335835,33.47686320790068,永定新区,张家界,110.5319,29.1217,N
1859A,,61.24301327075395,56.346088446011045,45.89176860570191,32.28785376608071,30.576794678283964,24.82054891619346,28.521269928596222,25.945087920025962,电业局,张家界,110.4697,29.1242,N
1860A,,36.14563565580984,35.351846088276346,32.790893441443146,23.787793638180954,25.232812141575323,19.654365842115293,19.35211094375491,21.227466682759733,未央路,张家界,110.5594,29.3547,N
1861A,,41.53288276991104,34.311060751916564,32.07461670023805,25.71064696978613,22.98754695451154,15.686022597085994,11.21205522965386,20.00612333521297,袁家界(对照点),张家界,110.4417,29.315,Y
1878A,,42.23800796601476,44.53413131070388,41.73564687172639,41.03137414583306,31.225328129371086,27.512291623598973,28.529634199007557,30.75504428684075,富乐山,绵阳,104.7778,31.4741,N
1879A,,44.89187176483181,50.5765117181574,49.664604129758516,47.80032836033076,38.58606473948421,34.48716795011732,32.26389046236034,34.19099781757526,市人大,绵阳,104.7563,31.4535,N
1880A,,49.64476244633287,51.93569157487616,52.42731203641501,46.47927613599911,42.61688437502838,36.01814492959315,38.34927164147194,38.20974511026217,高新区自来水公司,绵阳,104.6697,31.4668,N
1881A,,49.20129099065788,50.80081729249634,52.05008228848164,49.02734899198806,38.800474223043345,36.43241152990062,40.66455773451453,38.368569076718245,三水厂,绵阳,104.7287,31.5075,N
1882A,,56.09555925590456,64.01227579086026,58.08394901857402,51.11030851550463,46.12055388829526,41.12985446132119,43.871899573668394,41.409819647481285,石马中学(对照点),宜宾,104.563,28.793,Y
1883A,,49.88779328537433,56.59816489993611,52.00663864123975,49.634537538343885,46.79303149254292,41.070334977178426,46.23830409753296,42.222436812735246,市委,宜宾,104.6201,28.7728,N
1884A,,63.48376912234003,65.92994017870234,60.35431960624599,49.84545055255216,48.80703261995872,39.446078255580915,45.075604577970715,44.3590861072543,宜宾四中,宜宾,104.6055,28.793,N
1885A,,59.05784746857051,52.016629796164636,47.19111325301335,49.080457331299165,46.31310650717777,37.51747267273675,42.4082055816917,42.44613030842057,市政府,宜宾,104.639,28.7562,N
1886A,,57.4566610026756,52.46703863670937,66.22073094552293,56.44252885304298,45.42690629215394,39.81329718424898,40.73291393920384,38.99585035089602,黄金嘴,宜宾,104.5742,28.7199,N
1887A,,55.04441535043174,52.51487791880542,58.57841313896411,48.40809146734995,,,,,沙坪中学(停运200627),宜宾,104.6789,28.7989,Y
1888A,,35.12470048237731,31.09738167477596,36.633302880067454,38.2610058690671,32.380591338498455,31.505708289330926,35.554292770821355,31.380486032565717,弄弄坪,攀枝花,101.6891,26.571,N
1889A,,32.84590686103438,35.644818519833635,37.17131877573397,33.967024768890674,27.306875209703566,27.76884054111792,28.12500030261244,24.701795245197893,河门口,攀枝花,101.5769,26.5928,N
1890A,,31.073856657254993,30.80672910229285,37.754649286903295,36.32819031288916,32.256577460080486,34.63164627292179,34.835452391585626,29.586563128027432,炳草岗,攀枝花,101.7169,26.585,N
1891A,,29.40543522352292,28.565981558638374,30.22429659931046,31.18327837239478,26.857372252153063,26.179784716965077,27.22253176196209,26.22988342915736,仁和,攀枝花,101.7369,26.5008,N
1892A,,,,,,,,,,,,,,
1893A,,55.99500921528774,65.24624156694169,48.42226225800228,36.96805274284833,39.20877665325605,36.731099098609576,38.09625571158117,34.76884533559781,九狮山(对照点),泸州,105.4324,28.9634,Y
1894A,,64.35371422270772,71.52345118787196,57.49601837475371,41.86972332099558,44.97295535780409,40.16992923011961,41.62573276878401,41.84948365435064,小市上码头,泸州,105.4427,28.9063,N
1895A,,63.45541243380604,60.64225538594819,53.20571737222077,36.988635407100304,38.73095875136685,36.458979542967484,40.372542849458306,37.39286624337189,兰田宪桥,泸州,105.4241,28.8573,N
1896A,,56.35534146164864,60.4158905465114,48.30520204132754,35.084960581186735,41.187388387040095,36.094035697094625,36.23439341958281,36.343813226239156,市环监站,泸州,105.4379,28.8833,N
1897A,,74.70191443740894,76.25061729619986,72.3201378578781,70.44521391227757,57.53904736018948,52.5011709740476,,,大塘山(对照点),自贡,104.7547,29.3628,Y
1898A,,79.97853249257768,76.43185520136839,,,,,,,盐马路,自贡,104.7214,29.3586,N
1899A,,68.66539297238566,71.30397445787608,,,,,,,檀木林街,自贡,104.7747,29.3564,N
1900A,,71.6476630192817,71.79933590448188,67.3405524008736,57.12946439696154,48.13356479641122,46.66208968728264,,,春华路,自贡,104.7692,29.3411,N
1901A,,43.89736367084582,40.88085885148457,42.96174596575783,36.57908730104416,35.59634775438502,34.76801248746277,34.90884886535247,34.36903263196704,东山公园,德阳,104.4239,31.1208,N
1902A,,57.66042162834254,51.826690098570346,48.23027925609834,39.95307488488531,40.17322781402402,38.20351405409009,36.2832583095914,34.87013759213019,西小区,德阳,104.3826,31.1317,N
1903A,,50.941379167962864,54.57553306988716,52.92012956997668,40.08325639093444,38.03539532661411,35.386635006649065,,,市检察院,德阳,104.4053,31.1167,N
1904A,,61.32636642356131,63.983554174009356,65.48407370309394,54.701306687940416,48.26904596457657,41.52049009331727,38.99074149352169,37.972373984033176,耐火材料厂,德阳,104.3553,31.1091,N
1905A,,46.415490754351275,42.43824710297021,38.70538780826217,39.55044685341081,40.832066374113865,35.69243487415831,36.50290522342094,33.97748034922759,西山风景区(对照点),南充,106.056,30.8064,Y
1906A,,59.90569754588611,56.59461596949531,45.792582114397355,47.151636736961194,43.97418244766378,40.583664978262405,40.57983410723589,34.92070436407799,南充市委,南充,106.0789,30.8023,N
1907A,,63.79085538926426,52.54195577233128,47.11202833235971,47.33365172067482,45.297485459314125,34.44454319100616,33.024194888742855,32.75830761231592,南充炼油厂,南充,106.1031,30.8217,N
1908A,,63.70164985278189,61.552038400137086,47.33785219474878,49.554675989462424,41.525647245473,36.94549251684907,38.08197077236554,36.482679339849945,高坪区监测站,南充,106.1064,30.7856,N
1909A,,59.15071670363591,58.37012153511453,49.55311521676219,46.021500978548275,40.06778035641208,34.763057133085894,34.14787292053163,36.06913060649912,嘉陵区环保局,南充,106.0642,30.7636,N
1910A,,58.02327907531147,55.83429994148272,43.176861353951814,42.11514982237552,40.96332131944182,37.28299366126253,38.11782918412032,37.35765420190582,市环境监测站,南充,106.1087,30.8388,N
1876A,,17.736469151118573,12.687602774956728,15.584134373658747,15.38780547737478,14.482412108642052,11.242147489607836,12.225528938616456,10.857787457893126,河东子站,三亚,109.5078,18.2489,N
1877A,,16.84044941785049,14.444927068674765,14.564406048980857,14.411915046936151,12.877929895073047,10.931194376023761,11.95138334497106,10.686076124094576,河西子站,三亚,109.4964,18.2681,N
1772A,,64.33583964821626,40.06468180529502,48.6710006197629,34.13242446134154,34.93462860052407,36.56705328655229,29.05774992173707,26.466212884976464,哈达湾,吉林,126.54,43.8622,N
1773A,,47.274844105395275,34.74144416424161,45.677823294077356,33.02879187250009,35.25261735043938,36.05347502844385,27.7668576572492,26.16134109847043,东局子,吉林,126.5844,43.8358,N
1774A,,63.04096761438574,47.43549986521225,56.94287756636381,41.985571800856285,43.258392683736844,49.16570429263758,37.487916756230995,33.0772485634254,电力学院,吉林,126.5052,43.8245,N
1775A,,56.147538894144446,41.56834522555857,50.1880561254833,32.37705173516517,33.556556653892045,38.27106922874685,30.19045654678415,28.122261070786585,江北,吉林,126.6133,43.8972,N
1776A,,52.35897433412726,43.12484155992952,50.07651838486184,36.6143987981274,36.76781659308165,37.63378113172078,30.806185981030698,27.860971401250325,江南公园,吉林,126.555,43.8306,N
1777A,,,,,,,,,,,,,,
1778A,,38.74295944795642,31.27261530014415,38.13093915769677,27.140972844852755,28.3733857148649,29.522896764122653,23.541148959391293,,丰满(对照点),吉林,126.7061,43.7133,Y
1947A,,54.78208237236015,54.15143832525099,57.845125760143986,45.42565074665738,38.64818715052763,43.64121620548539,40.79977976892705,41.15735350226288,沙湖旅游区(对照点),石嘴山,106.3394,38.817,Y
1948A,,60.19903344901289,57.50398721441393,53.71110234515953,46.89527002720924,40.871609457665194,45.703121457782046,44.03050632785041,37.66341600130331,大武口朝阳西街,石嘴山,106.3668,39.0145,N
1949A,,36.474419023340054,36.53734677274981,41.41618037414443,40.02460342742964,33.67774036709964,42.558006666274096,42.04723723328446,33.660770579349666,惠农南大街,石嘴山,106.7704,39.2282,N
1950A,,49.190252462440284,45.159461148156915,43.836553969313655,40.76943261517126,35.92099212239448,38.37114256136771,41.032086006771294,33.500547096695755,红果子镇惠新街,石嘴山,106.7099,39.1325,N
2010A,,51.62245928864021,43.60876159467813,39.7350976039196,34.75381959980924,35.22066651622581,,,,市政府,临安,119.7183,30.2366,N
2011A,,47.70249115782894,43.22068998487682,41.59979469228769,35.84635228784194,,29.508402425092186,27.798499692380606,,四中,临安,119.6942,30.2311,N
2012A,,54.94037169986245,40.77527715443694,,,,30.499811123169508,28.620249803118185,,监测站,富阳,119.954,30.054,N
2013A,,50.611630586051795,42.68819196768973,41.96400626801761,36.65227333996302,,,,,富春二小,富阳,119.946,30.049,N
2014A,,50.0938885542194,41.87805204279009,38.09727511214126,32.807574282280406,32.13525938206262,27.853955227853927,23.79448137418903,,江东,义乌,120.091,29.305,N
2015A,,52.47199875978549,43.619272024432895,39.92911348068465,36.3216517826354,34.2106455345356,26.07747060535823,24.652391271070826,,北苑,义乌,120.04,29.334,N
2016A,,,,,,,27.99664367489111,24.673483286685492,,图书馆,诸暨,120.251,29.719,N
2017A,,,,,,39.06165126160695,,25.310843693620622,,富林印务,诸暨,120.209,29.732,N
1748A,,65.16613833524625,51.15083371654423,44.534372096612714,36.63695712123065,38.55364547493619,39.76229289947059,35.169751828285314,29.032751229582423,深沟寺,鞍山,123.044,41.1196,N
1749A,,66.3162856275415,53.519515405107136,43.50663982600638,34.203715723509895,37.91055907500415,39.562304168659026,35.102951349095484,28.925957555695142,太阳城,鞍山,123.011,41.0931,N
1750A,,71.32643555595408,57.48239113248158,47.663794922931054,41.71797030684746,44.632019569296325,44.731664866690245,39.96598338664168,32.37542250253966,太平,鞍山,123.0485,41.1442,N
1751A,,75.96331601400158,59.60255358042135,51.91585854262692,44.22699673563738,48.32907240942479,48.17589349975793,43.280804989017014,35.727702456371134,铁西三道街,鞍山,122.9642,41.0971,N
1752A,,80.43385022469249,64.26157595518127,58.37867597540021,50.31408467675954,54.206112673938975,51.522872963702554,44.795243739372275,37.36349480821837,铁西工业园区,鞍山,122.9341,41.0833,N
1753A,,62.128264491977504,48.674459301757594,41.14507028104795,34.62033534043634,37.24220546501304,38.39387526295735,34.955315481376665,29.089742600365422,明达新区,鞍山,123.022,41.0821,N
1754A,,45.886804840152266,39.43684583284913,33.08003023773242,25.929363809527693,29.061128557368484,29.115000535979867,26.42499087867875,,千山(对照点),鞍山,123.1289,41.0228,Y
1755A,,63.81771506063101,51.55384764084689,62.36883645036584,54.07391139239137,52.21322233378478,48.644378848830875,44.8923695833443,37.090400525349075,望花区,抚顺,123.7977,41.8491,N
1756A,,53.52960796756438,45.6532055272526,54.85084558219669,49.067807271906744,50.87570023378714,46.46824078376762,45.150888849989855,36.9029286022402,顺城区,抚顺,123.9161,41.8822,N
1757A,,46.312629522813175,41.016872678802265,40.271252669740285,37.02080703919037,39.99982672162605,38.61155654952314,35.00371924113721,30.69856381978513,东洲区,抚顺,124.0436,41.8611,N
1758A,,59.63902501212735,52.83742446313102,51.44108146376778,44.16308653345971,,,42.54801386623763,35.873665647964415,新抚区,抚顺,123.9247,41.8642,N
1759A,,36.440013105033984,23.049498071220178,25.894448968661653,32.37707456731523,35.32990755438714,34.77680537216584,31.066545209865765,27.8234271209266,大伙房水库,抚顺,124.0972,41.8961,N
1760A,,51.757398474681445,49.905517155718194,49.37978389041669,42.591014901844375,46.924154591177405,45.445395725285735,42.4640282647013,35.52791687902687,沈抚新城,抚顺,123.7086,41.8391,N
1761A,,48.7898952363343,44.039019555077175,36.075755338262404,30.37063294694009,32.25459942897094,31.53017149166025,27.05637645785183,25.23493158714232,大峪,本溪,123.8275,41.3064,N
1762A,,58.19297634246105,47.78919820737653,44.856923333284314,38.637442029900285,39.58326070401649,35.80591442142459,31.20993218789827,32.15471153056587,溪湖,本溪,123.7567,41.3325,N
1763A,,60.48511965334638,52.37186818786386,47.74491499783542,41.88835259093696,46.10607724424628,42.31265883080379,39.402991986058936,41.63840446761069,彩屯,本溪,123.7169,41.3094,N
1764A,,61.03910093595721,48.39628171449797,40.00267477679882,31.878337814557582,35.47931824475855,30.83543346645443,27.641962256776353,28.311789825839494,东明,本溪,123.7669,41.2864,N
1765A,,47.12143399690976,38.050323493573046,35.29464145391143,29.13825239773214,31.835958646403213,32.079946432994745,26.200908628643354,26.110766137651648,新立屯,本溪,123.7992,41.2664,N
1766A,,45.60784474121352,39.2692883871575,35.858151656668255,31.981057053335295,37.39606441245232,36.04120935625195,29.297950061548022,27.969084202098013,威宁,本溪,123.8142,41.3472,N
1767A,,65.55121010896536,61.37384640440987,46.80142095686906,46.38749773369836,48.778340707208834,49.766749332338684,46.335506412491306,40.24357765098244,南山,锦州,121.1115,41.0879,N
1768A,,59.89662150234197,56.06438152759099,53.63616815386295,50.580234024763875,53.802000270651035,49.771396230844395,42.55991911368903,39.942098662909025,开发区,锦州,121.0533,40.8434,N
1769A,,54.82002909480905,56.448323270755346,50.79620430242258,47.145394879134756,47.1124360568312,45.05878897127085,40.573152241948854,36.794408487189166,百股街道,锦州,121.1836,41.1119,N
1770A,,59.09494236487231,52.45914896605588,48.745063334703026,45.616351491119374,43.96882988446871,47.15981870840622,41.93065704348314,36.35040137666582,天安街道,锦州,121.1178,41.1222,N
1771A,,59.141851946230176,49.58041851395086,45.80111914122836,45.42607828790108,46.589545055613726,42.686601260003876,39.262819735855295,34.769941567591026,北湖公园,锦州,121.1303,41.1386,N
2018A,,57.70795933887699,49.4108804982375,44.831048116303776,39.878959779096306,,,,,抱龙山庄,瓦房店,121.989,39.625,N
2019A,,63.15445093080707,52.432629719959984,45.27445686786136,39.39312020728996,,,,,东山公园,瓦房店,122.011,39.617,N
1862A,,40.43979078429054,38.45104303164569,35.86016487655247,33.993709035587045,29.552118599168942,25.92313480502755,25.114742800952754,24.48204219293007,电子科大尧山校区(对照点),桂林,110.4144,25.3167,Y
1863A,,52.224850977283126,48.15574239601058,42.91831706089967,38.93632567357445,34.871113878003875,31.784796488224313,34.36149378153972,28.580625545792877,监测站,桂林,110.2819,25.2697,N
1864A,,50.896479639684344,46.5340894361486,47.030485000616686,38.20162998353381,33.53483358988162,28.693324530435916,28.583328114835698,28.412374387258215,龙隐路小学,桂林,110.3089,25.2708,N
1865A,,49.3411213240185,46.338798107241935,42.19391831047382,37.070302689637515,32.89297183368165,27.689249107305184,29.24554970125929,28.419023986822385,八中,桂林,110.2869,25.2178,N
1794A,,58.303365124081864,54.0757652836001,46.812664962200714,47.5342688577563,43.96675337117025,34.21299738191378,34.98451871346321,35.35598930324042,监测站,芜湖,118.3606,31.3519,N
1795A,,52.745763902222,56.09862166946789,48.478386740875145,52.23300266049031,46.48988190950744,36.63095670998005,35.844956404265744,35.71273471295032,科创中心,芜湖,118.3714,31.4134,N
1796A,,58.93605514077099,48.574976041304744,50.15465711742166,51.32229452529257,43.99985855827164,34.54609059558918,34.611951246473815,34.31025892162334,四水厂,芜湖,118.3673,31.3131,N
1797A,,52.230021501334456,51.201761362650906,48.86412060239689,49.739764640433,44.631511098718654,35.72935338544489,,,济民医院(对照点),芜湖,118.4022,31.3839,Y
1967A,,48.09503578496655,50.7494862551608,43.213323910677595,40.61400191484565,,,33.430160901065065,,胶州环保局,胶州,120.008,36.283,N
1968A,,49.263990490356655,49.3272629268359,40.522864795978414,42.185455685572364,48.12121610143415,38.57571724584817,34.01939723820212,,胶州一中,胶州,120.014,36.253,N
1961A,,71.27772120128068,75.33130961701968,67.45228118499324,50.87021022368274,46.45290472889838,47.329245274571356,41.78918055676415,36.56949023548104,东山小学,济南,117.532,36.6868,N
1961A,,71.27772120128068,75.33130961701968,67.45228118499324,50.87021022368274,46.45290472889838,47.329245274571356,41.78918055676415,36.56949023548104,东山小学,章丘,117.541,36.71,N
1962A,,69.28702307968648,71.43890384523627,66.51836808837908,55.74788597784201,54.03334071131408,,,,明水开发区,章丘,117.541,36.71,N
1963A,,54.961645922034855,60.24780838024832,46.53209893775706,37.178854950310296,50.72064191736752,39.35651307668033,35.68533477989508,,环保局子站,即墨,120.61,36.44,N
1964A,,47.96176067444665,43.577626357948624,37.89102995037186,30.76597307362084,37.83142776038279,,,,开发区子站,即墨,120.47,36.39,N
1971A,,56.474541106278906,56.91013484598905,48.2169247315982,38.35051364521461,43.81827709240551,44.53220409713621,38.20019708355518,,1号,平度,119.952,36.792,N
1972A,,47.91989074390818,47.877768698834096,41.89663254580609,41.177347037454076,49.201361751647795,40.071187223594805,35.874782975857826,,2号,平度,119.976,36.799,N
1965A,,59.907040997914855,51.218611166856284,51.243824784713695,40.597998359600695,,,39.89243543068648,,JN子站,胶南,120.005,35.878,N
1966A,,53.129642492570234,54.42254431160003,39.75377177772464,33.98074628178099,39.428136613442874,34.67349968208628,29.60723261212934,26.861005721954722,黄岛区4号,青岛,120.0405,35.8735,N
1966A,,53.129642492570234,54.42254431160003,39.75377177772464,33.98074628178099,39.428136613442874,34.67349968208628,29.60723261212934,26.861005721954722,黄岛区4号,胶南,120.039,35.872,N
1969A,,55.04847134797878,45.771464263572405,46.2625768741595,39.92432237300232,49.683719979778466,44.14474713740442,39.224551648936256,,环保局子站,莱西,120.537,36.865,N
1970A,,53.720475003061836,48.934187117393066,47.42185092944243,43.37719185052405,45.507430223991605,37.458777112116124,36.323726913429105,,人民广场子站,莱西,120.515,36.885,N
1977A,,53.097969618628376,43.962633409587546,34.804163575153574,33.210342814300304,,,33.10100717493649,,莱州环保局,莱州,119.941,37.177,N
1978A,,57.488327429184594,50.90568515703145,43.092693495976825,33.455480661952485,39.3385492494559,40.86912007556076,36.87074097714455,,莱州外经委,莱州,119.959,37.18,N
1973A,,42.50153501284352,40.65348452935521,38.45293955806913,33.978698118198295,,,,,蓬莱环保局,蓬莱,120.747,37.825,N
1974A,,47.174905806472104,37.009902268742636,34.766804926742296,31.273702637550397,,,,,蓬莱博物馆,蓬莱,120.773,37.809,N
1975A,,51.45649180089401,46.39657785810708,43.47781439299918,31.978598342165245,,,37.52171925508836,,招远环保局,招远,120.399,37.374,N
1976A,,53.51957657972016,48.19275763110576,42.792986595479896,34.07623669886401,,,36.701427358003976,,招远教育局,招远,120.394,37.364,N
1959A,,82.3718173578045,67.7077570481923,65.37864725296002,56.85712118536311,54.812972507794306,47.52232882737458,44.06147167840721,,监测站,寿光,118.746,36.881,N
1960A,,85.61784231220905,69.29849435706784,63.94258552844838,54.187398065814776,59.43014137393252,50.55061565487812,43.19439177819857,,世纪学校,寿光,118.78,36.864,N
1981A,,35.36771911583769,37.88762074168033,26.5901025056644,24.615750821302996,23.525130638941917,19.965461029449546,19.827506599831093,,文登市环保局,文登,122.038,37.197,N
1982A,,34.83488356404485,30.175494395333565,26.32943329882063,23.635587763459576,23.975581599033656,22.693332697066364,24.74506280285968,23.61634046547991,文登开发区,威海,122.0693,37.2174,N
1979A,,36.44689601067418,35.18295570646277,23.55015252192851,26.278056175221415,27.16469191373704,20.575550752526343,20.486685117705417,,荣成市环保局办公楼,荣成,122.471,37.154,N
1980A,,33.72594987954752,36.71233643142233,26.669289015637403,21.556471001404034,24.771070900208816,21.23732752836627,16.38161624189457,,山东成山轮胎公司,荣成,122.41,37.161,N
1983A,,35.17265679118648,33.30869159976507,29.94719725032971,25.955509840021254,27.174755459910823,26.307587882618144,21.54643794966378,,乳山市环保局,乳山,121.531,36.913,N
1984A,,34.448526724736794,27.5451707051595,24.04475079507576,20.988963359624098,23.826265256402408,20.510511251535082,,,乳山市气象局,乳山,121.544,36.907,N
1798A,,55.02172435030869,44.64543856437359,47.446027196418,43.90444519509368,40.10214238804186,33.93406256527491,33.694382254444456,33.120249706575024,湖东路四小,马鞍山,118.5092,31.6837,N
1799A,,62.9686286993107,46.446234806270425,47.45469122552787,44.30561506448398,42.69448076532288,33.947464180243315,32.83631164542657,34.02239014423529,开发区,马鞍山,118.5024,31.6449,N
1800A,,65.03423162323664,56.243176557700366,58.289094846908256,48.78314014668931,48.45422038022844,40.52076579614366,39.93615172614241,38.46937419940853,慈湖,马鞍山,118.5228,31.7231,N
1801A,,61.622694575515425,48.325849574837164,49.66762590387917,43.73621804847022,44.83346494441231,36.6512567015174,,,马钢动力厂,马鞍山,118.48,31.6928,N
1802A,,63.08159549106196,55.06342076554663,47.9146564983042,50.90976621563785,40.10991117668547,34.4748174282868,31.73983686790704,28.579405675730804,濮塘(对照点),马鞍山,118.6245,31.7241,Y
1789A,,48.82576954370844,44.29621807309389,41.7531001818657,32.06203289559427,36.208541134067815,33.76624286937725,32.24221576277382,34.12559699973412,大同区,大庆,124.81117,46.03138,N
1790A,,47.82581279551578,38.1338001111337,34.349643020024764,26.976990443164496,30.444090108474395,32.954205529295386,26.456083338699187,24.694182347758098,龙凤区,大庆,125.129,46.533,N
1791A,,41.06070316029215,32.47899429861347,29.686401255119552,24.299876344919223,24.163219029366232,25.883029304738756,23.408104919330608,22.16003242884921,红岗区,大庆,124.902,46.408,N
1792A,,42.452127891506166,43.30707615183576,39.504750325297955,30.267133380514547,30.76447250540149,25.05182986215518,25.127137047024586,29.804179396118755,萨尔图区,大庆,125.153,46.586,N
1793A,,40.965718898026196,28.729401033863997,28.227040978273777,24.386969333745586,24.074453161717216,27.06439722584493,23.37984750363135,24.168320809147403,让胡路区,大庆,124.9042,46.6215,N
2054A,,70.70949707256837,58.923855712235856,50.956458152209684,56.04836273754253,52.37825692019682,41.98155610963978,40.677253966858345,41.510361359731625,平桥分局,信阳,114.1099,32.1059,N
2064A,,61.322670269756266,51.38441186454227,48.727206724392445,49.909188943929244,46.023991831521734,38.67998868655147,36.9127564707186,36.7043952115198,南湾水厂,信阳,113.9956,32.1271,N
2065A,,76.2986358182828,54.49059091033766,56.70386914574287,52.09953756000826,45.70144497047866,39.656869592266524,37.72116863965135,39.97608329336213,市酿酒公司,信阳,114.0775,32.1195,N
2066A,,71.28595704261069,61.7612771815994,60.37681656619347,54.142699004476114,48.53946293733151,41.58290842304095,41.73349877397692,43.56376604743095,审计局,信阳,114.0609,32.1399,N
2067A,,85.3874328540986,70.9050554440803,61.962841897818144,60.19812200982473,57.69109860287565,48.73556476726538,44.05306514784103,43.79929059891471,市环境监测站,周口,114.6613,33.6128,N
2068A,,80.64002665405611,68.33531145067415,56.439274323218186,55.76908358615895,58.39526229101948,50.8164581318235,45.235744578903144,43.77643533554449,周口师范,周口,114.6758,33.6347,N
2069A,,83.68093130322927,66.68744157659283,61.88920367302958,58.31491201754151,55.93139276515682,49.21541156058792,44.07726956749673,44.4096244276072,市运管处,周口,114.6546,33.5979,N
2070A,,80.63745205702718,68.00916223967472,63.758613172168545,61.30781615518055,57.844451076731914,52.10584742096345,46.37547574115326,44.79630982839954,川汇区环保局,周口,114.6369,33.6406,N
2073A,,35.592896365600495,,,,,,,,蓝田(停运160601),漳州,117.7206,24.5086,Y
2074A,,32.574542500358056,31.72852082723195,31.99641683889997,31.933743358859413,,,,,漳州三中(20190503停运),漳州,117.6569,24.5157,Y
2075A,,31.819822218610923,36.0581471459321,34.99457978206908,26.470609337588595,33.36590959519513,22.779159363199778,25.67150499365298,,九湖(对照点),漳州,117.6336,24.4674,Y
2160A,,61.58038722243196,63.55220077885422,68.85577617347474,61.91800428904471,56.833148376272575,48.24723311803953,36.21603947947937,38.170865175665796,自来水公司,晋城,112.85,35.5051,N
2161A,,54.791112616600024,61.953584311555566,64.16070285836484,59.212136996686425,53.94531368252176,45.573633337694424,36.09575940806707,37.71471626179884,白云商贸,晋城,112.8318,35.4936,N
2162A,,59.41613942604294,63.9365262073644,64.59099094743894,61.47475318910317,54.33453804101906,45.90577957087505,37.75253138199967,40.934676361280644,市环保局,晋城,112.8508,35.4887,N
2163A,,53.127487137336075,59.4899272358487,64.7291273394899,58.14939870730654,56.104299416176474,48.09692975977707,39.88972064294981,38.79537916176408,技术学院,晋城,112.8676,35.4897,N
2164A,,54.96531948421069,63.81248808733383,63.16326627690677,60.56716020481256,52.53145289150152,44.60412383709757,,,泽州一中,晋城,112.8271,35.4828,N
2165A,,56.39609762333249,58.539268201518304,59.91470384470965,56.519976652541146,50.564596330936325,38.83267746762754,32.29278948512067,,白马寺 (对照点),晋城,112.8453,35.546,Y
2166A,,58.470962605815494,59.5526272905285,51.55532104856085,42.710597212152,41.373433096996685,40.73348322301803,37.669839790815715,33.9659268045363,平朔,朔州,112.4397,39.3522,N
2167A,,49.289879105536606,53.83788603423889,46.48250978508533,43.39960148913471,42.05511392515618,40.53307825329115,36.247450583450906,34.41376067586039,朔唯,朔州,112.4575,39.3617,N
2168A,,58.05308261123399,63.5151338842963,56.54687420599542,45.79061235808748,38.53010249696422,36.70583869599029,33.78707792906666,29.356689296736263,区政府,朔州,112.4258,39.3197,N
2169A,,49.785821729836236,58.691792482646434,55.33868960101697,47.31294125035137,40.003247281316604,37.783242272381415,34.11064209769208,29.401448520494963,市环保局,朔州,112.4072,39.3278,N
2170A,,45.4161436131026,50.71582725373205,45.13161655854545,38.500805199872545,35.90253471019753,34.29088268989957,34.568697405299815,34.2543037514062,市二中,朔州,112.4272,39.3681,N
2171A,,53.22734397747988,57.83485590504987,59.7559320395185,52.42720002851032,44.55934518828414,40.65282041495661,39.046455018645,44.18532500796028,锦纶小区,晋中,112.7532,37.6945,N
2172A,,,,,,,,,,榆次液压件厂,晋中,,,N
2173A,,54.94577012572088,61.93045956367213,58.87801522922589,54.56692550405502,47.61792522708807,42.494618456276896,39.46020485220109,45.54797792241175,南都小区,晋中,112.7249,37.7067,N
2174A,,60.76549977541046,66.75129946141784,64.56619130433955,54.82684514459958,46.92725458870019,44.837992533611484,38.847690991801954,47.76399962275055,榆次区政府,晋中,112.6991,37.6982,N
2175A,,67.90986536437703,69.1248979927404,79.44630594105783,61.10837283446248,59.479083348746855,55.42153128044303,49.486059223253775,50.78436406441166,运城中学,运城,110.9956,35.0147,N
2176A,,63.36224620292482,63.74073693643305,69.1742972017726,58.64809448945691,63.759916046822305,,,,禹都开发区,运城,111.0233,35.0611,N
2177A,,,,,,,,,,运城学院（已停运）,运城,111.0397,35.0394,Y
2178A,,74.06763139549415,71.04895687044848,78.83957759718592,62.43574266139316,62.02322416630535,53.94588576943868,46.83693940420574,45.303560120553854,地区技校,运城,110.9686,35.0303,N
2179A,,54.32406560257243,54.76715773082603,62.87769784956721,61.925118552957095,60.80980084134757,57.20701088156269,51.34706501035914,54.13357567195144,空港新区,运城,111.0414,35.1147,N
2180A,,55.60385944723675,56.30383003061415,71.67473468928185,57.6227739239845,,,,,机引(20190313停运),忻州,112.7356,38.4186,Y
2181A,,54.00674659610437,45.48765476565891,62.2799203155045,51.638952763307955,44.02275469170402,43.73107632474956,45.53022589325188,37.723856783064996,开发区,忻州,112.7383,38.4519,N
2182A,,65.85019246721322,65.1556596998067,63.235140257056955,49.67323635616857,41.98430086874598,41.35810479392436,41.9968139204306,36.55817157640935,会展中心,忻州,112.7003,38.4928,N
2183A,,44.4878097373133,43.340975233528376,53.15933126651891,48.15902994927757,35.44500098200776,32.12311161100516,29.14994002878701,24.707275863412683,环保局,吕梁,111.1406,37.5211,N
2184A,,,,,,,,,,豆制品厂,吕梁,,,N
2185A,,52.45237813288064,52.00943136771274,65.62843120534436,56.339053550612306,43.119766279479165,35.227032567633394,31.836713923010286,25.243002413443573,自来水公司,吕梁,111.1297,37.5136,N
2186A,,60.76922883680877,52.353122136407436,46.81898341122219,42.62716228848563,33.01821587309782,34.75606063220194,,,聚英学校,乌海,106.8288,39.6778,N
2187A,,51.394162929381864,45.7473405989224,44.05927104124131,42.31998603870574,31.776559497133892,34.11113543683154,31.53276727947071,31.362193480684557,市林业局,乌海,106.8174,39.6973,N
2188A,,53.43627658113155,43.38648579331976,42.47851126056199,39.19860010053533,30.431957612297612,31.705358206134512,30.325682998482183,30.474207881789525,中海勃湾学校,乌海,106.7907,39.6667,N
2189A,,51.27634101443777,39.188983788791,35.352163094436534,32.6690928410907,27.55859037469767,,,,通辽宾馆,通辽,122.2603,43.6267,Y
2190A,,57.47214819496397,43.63108137922668,37.052635066922626,32.88441461976534,38.8477985026072,,,,胶建铝业,通辽,122.3039,43.6156,Y
2191A,,51.425588780406756,40.8944654711253,33.66155870201007,32.729710038576044,34.48884803564268,36.175843274703396,31.114963183943534,25.439714419988917,艺术职业学校,通辽,122.2532,43.6801,N
2192A,,36.351450216086015,29.561422970918443,22.773024685135585,17.55371723428355,17.982327056026556,19.0169773246033,18.200886687772403,19.580506368427258,区环保局,呼伦贝尔,119.7594,49.2261,N
2193A,,,28.52719871362804,,,,,,,市艺校,呼伦贝尔,119.7283,49.2014,Y
2194A,,45.46842624018553,42.76002350560888,35.99761602907151,35.73756536962295,32.997236189056174,38.63067721456518,,,秋林养殖基地(对照点),巴彦淖尔,107.5936,40.916,Y
2195A,,47.79113210715637,44.810341888586265,36.436680744787516,34.79504672585811,35.57661325522829,36.13395063607216,31.536888687210492,30.54665082776542,附二中,巴彦淖尔,107.4212,40.761,N
2196A,,44.69363602316018,38.837916683277314,35.00060917463164,34.01666992375892,30.331909056279766,34.546177254227196,31.57274933848978,32.45203472826386,市环保大楼,巴彦淖尔,107.37,40.7372,N
2197A,,42.38738285829991,31.422730144039097,25.84179422884722,23.27218604583179,21.947084295482107,21.568267064310504,24.68444365218126,21.445862391859496,集宁新区,乌兰察布,113.1306,40.9923,N
2198A,,48.51190869950216,34.74161258530895,,,,,,,集宁旧区西,乌兰察布,113.0974,41.038,N
2199A,,44.381798661977086,34.71845423430678,,,,,,,盟监测站(停运170221),兴安盟,122.062,46.0872,Y
2200A,,32.971791463058345,36.68939387411712,19.598563919148365,20.496366315439865,24.48798905731098,22.903868507323658,23.201274635355617,23.646939594501582,胜华新制药厂,兴安盟,122.0392,46.0656,N
2201A,,31.364535948534044,25.884802409675345,16.297267542273225,18.10099122555955,21.961992438642064,22.908156099860978,23.004383855084658,24.182070691107693,科右前旗环保局,兴安盟,121.9504,46.0741,N
2202A,,18.246047297700187,17.202906380135435,14.750281126835459,15.823328454723429,10.474524098756577,9.713920809672047,11.390663544899502,7.728983112097892,市环保监测站,锡林郭勒盟,116.1042,43.9317,N
2203A,,17.280114861690432,13.697554918291399,15.218442816758515,16.840409418021423,9.704861701669046,9.490690543220097,10.243181267195448,6.7813535849573885,市政府,锡林郭勒盟,116.0781,43.9311,N
2204A,,39.66690602247441,33.078641358712915,33.00008996215257,34.873169944809916,24.531699364305545,24.351334802615742,27.35862662908266,23.824093866665777,西城区西花园(对照点),阿拉善盟,105.6467,38.8363,Y
2205A,,32.9152005735888,34.500441539607316,37.66453240306471,40.80419374868109,30.16571681329327,27.0320019010357,30.544501295261348,28.445656259415394,蒙二幼,阿拉善盟,105.6985,38.8411,N
2206A,,40.98569410737103,29.080114099606526,33.29780516618641,32.53534090716741,25.598313549462087,22.797537539561926,27.823096650308997,25.017634259893963,环保局新楼,阿拉善盟,105.724,38.8516,N
2207A,,51.76213753487677,46.27877491328902,42.53200853089855,40.80463791933295,40.16418271515125,38.968409812460365,38.196232260847886,32.40103759977228,工业园区,阜新,121.6094,41.998,N
2208A,,49.09052229298966,43.23604658560694,42.74195388052053,36.699102129665036,37.62898828224915,36.61289411979828,33.16697625648454,28.724066420879616,长青街,阜新,121.6697,42.0279,N
2209A,,42.882949468913445,36.35745946687653,33.58188433008193,31.944241197729706,32.65045537123512,32.06474005313516,32.061548753685784,27.357728985818564,农业园区,阜新,121.6673,42.0705,N
2210A,,56.74561346515692,50.20234526783128,45.09707300087129,42.85633894425015,44.028936793541284,41.47085227891864,40.48593359748918,31.477022150835115,东苑,阜新,121.6717,42.0224,N
2211A,,46.87886146333444,43.66957460318338,40.53969761043675,36.49212724395392,35.82405079676565,33.19401826334647,31.322341566121274,27.442303831378556,玉龙新城,阜新,121.6506,42.0498,N
2212A,,61.69438515024772,47.50682916047936,39.78582256846023,32.55653828391901,35.078523681619096,34.28360138586009,31.794448882105844,26.1387846399386,宏伟区,辽阳,123.2,41.1953,N
2213A,,53.66290985970893,46.89470678982977,47.92720651733624,39.28728252817629,43.236154674682744,41.90649018750817,37.67452567270362,35.02301611622375,新华园,辽阳,123.1683,41.2495,N
2214A,,64.12568187662943,48.408493564809504,45.50151844617122,38.636532623983314,40.66750315973734,41.67919843231868,37.45100078914727,36.070087989382486,滨河路,辽阳,123.2354,41.2639,N
2215A,,56.72797504619845,45.38615784912161,56.230091878635086,45.0100437556263,48.28311228288321,46.74521789499033,42.40220444938727,41.40025575733653,铁西工业园,辽阳,123.149,41.2991,N
2216A,,53.26569707143752,53.62949559140278,53.81925917957044,39.34612541887297,45.44288470512529,42.297492819408326,38.40394413849082,35.35948433318011,汇工街西,铁岭,123.8139,42.3022,N
2217A,,55.387230892171296,47.37026378257112,49.30706999811251,43.39356120694412,42.813357023575904,36.69123145610079,30.76382757462754,31.490380800352987,水上乐园,铁岭,123.8649,42.2923,N
2218A,,57.43134240966058,48.834578333586066,50.08294597904612,39.37003323202924,39.7573943963953,37.19543778531871,34.45117716892313,31.95451367005606,银州路东段,铁岭,123.8486,42.2867,N
2219A,,56.259022429106,46.685907324042226,49.89020474494492,40.06367052170939,41.96603220782023,40.9431240583051,34.23894588153765,30.13744332311668,金沙江路北,铁岭,123.7153,42.2217,N
2220A,,44.48382054455628,45.15916277570438,48.72753050579825,44.42536802031069,41.42543884347495,37.276844903307804,33.390012536011724,29.213173691386697,西梁,朝阳,120.4318,41.5881,N
2221A,,,36.329377358723804,39.622775793215105,36.56151123153027,34.38663651183354,33.97697610192562,30.53962562812851,26.053018627531877,河畔小区,朝阳,120.4521,41.5646,N
2222A,,47.99932250333325,41.04007881748224,46.19255884348815,39.737425529616154,38.851378369099244,37.48687729415129,34.57692805365483,27.579043437063266,八里堡,朝阳,120.4176,41.5648,N
2223A,,40.27765325300316,34.239385902720514,38.149821892719366,38.90078275185487,35.8560748229434,34.61204047178979,30.703866178218885,26.282989706551167,农业园区,朝阳,120.3806,41.5969,N
2224A,,57.16673981188255,43.92179111303017,46.90524468151798,43.788695004124406,36.011888601622985,,,,监测站(停运200414),四平,124.3419,43.1747,Y
2225A,,68.56076911467288,49.832841695078024,53.36119903649995,43.15939490820861,37.31417542655006,31.550673487531043,26.330589183193723,27.440942147013786,一商场,四平,124.4002,43.1713,N
2226A,,59.96323266766534,43.89128711696276,41.38532726939985,33.50871265045722,34.78946194537728,33.4912106936272,27.43994196684946,25.098044354968767,境园,四平,124.388,43.193,N
2227A,,57.08221427944116,46.22928461749417,45.59836060893857,36.011786436242474,39.12922545560116,41.70819729673974,32.430003271279666,31.971530528931577,环保局,辽源,125.1358,42.8845,N
2228A,,60.075565353416465,46.193840163086506,43.238805320439845,33.77985033058459,,,,,污水处理厂,辽源,125.1567,42.8953,Y
2229A,,44.342554958282804,39.80228038503602,34.79947165839882,28.355649026254806,28.209314652316642,26.45025281063856,22.740561762005072,21.84111333310312,光明,通化,125.9358,41.7173,N
2230A,,56.00583422207326,43.65692665312156,35.71469163626976,29.140179835634175,30.692002117121728,27.69999292629218,24.300046430306914,22.676537158538018,铁路,通化,125.9446,41.7325,N
2231A,,56.127347542343315,51.793001694104305,48.09751315726346,32.85647746592859,28.300526339438065,27.153330294690534,24.486759187427296,22.125962309109045,喜丰,白山,126.4219,41.9171,N
2232A,,50.75996986957779,47.05693325652704,40.44329061062074,30.82369787339721,31.40568632388995,27.99377706795135,25.98549191525534,24.14503585083842,环保局,白山,126.4077,41.9419,N
2233A,,46.176652279666015,35.977003542700764,36.64693837094199,28.129104164839514,30.960542969627685,27.34781739504956,25.322681077350236,27.961697666972427,江南,松原,124.8006,45.1214,N
2234A,,46.69491220834774,35.19706395443798,36.20428433509667,29.003253548159154,29.564036473560524,27.530468048486824,21.466173148044074,23.861396525093394,江北,松原,124.7965,45.1722,N
2235A,,61.05032223264124,48.805786441279,34.141935947860986,31.966033256759737,26.862375573944494,25.684543415977846,24.806582861339525,22.65493107949281,洮北区环保局,白城,122.7911,45.6077,N
2236A,,56.896330170141766,46.38807917361046,29.42045087967375,25.112592586412784,27.134262514654644,24.684020203958845,22.705299433327934,22.70597971199211,市环保局,白城,122.8738,45.5725,N
2237A,,35.9527054022566,29.78543114079181,30.110796478475596,26.65236835937338,25.24155625874953,20.821079311816483,20.469054004887813,17.849762824175833,妇幼医院,延边朝鲜族自治州,129.47,42.8883,N
2238A,,39.08771384901634,33.93662679978101,34.5772557550595,30.212356447989762,29.173200644363018,24.29018181567116,23.4999723488527,20.920887869092997,延边医院,延边朝鲜族自治州,129.5055,42.9108,N
2239A,,34.834675990865364,29.635859303422773,28.057335622431353,24.80636044162346,22.98281513598234,17.790918816027474,18.01541189974484,15.203098966324816,朝阳川镇医院,延边朝鲜族自治州,129.3964,42.8881,N
2240A,,20.948206832922903,23.700328379015918,30.571047904267285,25.425460461127837,22.71207864457021,23.18639658071462,27.079888853270923,22.872162736394923,环保局,鸡西,130.9762,45.3001,N
2241A,,35.560180789962054,30.543847128172686,49.21594612953589,37.615942779310565,33.000491535855936,,,,自来水公司,鸡西,130.9817,45.305,Y
2242A,,31.606483065755345,30.290036286344296,50.466091986319995,37.23910981384369,36.555265419553166,,,,白酒厂,鸡西,131.0103,45.2948,Y
2243A,,23.704854983005923,16.796588838109187,25.03062366718117,22.893209437563563,22.783312618160288,21.098013054591828,22.692437683175683,19.90834127073337,第一中学,鸡西,130.9429,45.3039,N
2244A,,47.32501244777035,36.062827138626886,32.722503123775624,22.746817527932624,20.78594851809053,21.29764200091873,21.581947612881226,17.30005748500179,哈啤分公司,鹤岗,130.2537,47.3416,N
2245A,,48.872770933617176,38.42123253554941,32.763925320196606,25.355557632405702,25.85399702409656,25.795256506042602,21.959353981386716,17.47368110463689,斯达机电,鹤岗,130.2684,47.3086,N
2246A,,45.53524762763711,38.15963509942997,40.01346101331925,31.58338884615774,25.200348548472046,24.91397186973498,24.560530726335227,20.610896324627845,东山纸板厂,鹤岗,130.3114,47.3388,N
2247A,,30.106637769548204,20.90572235971486,20.92674636188994,16.512460070721882,17.516394003826985,17.20023103659603,17.487659587605194,,五号水库(对照点),鹤岗,130.1097,47.3382,Y
2248A,,40.820627529585835,33.61634169197962,45.53635562589227,23.452663180891786,28.269363080015342,23.464476589871037,28.00704428209082,26.48241939386594,双合村,双鸭山,131.1511,46.6937,N
2249A,,36.53831032145104,30.154149377353576,31.69690326650136,27.205690670560546,28.125446717174512,23.107232167533002,21.81109497240126,21.904761104206184,南小市,双鸭山,131.1652,46.6191,N
2250A,,50.19671188591953,38.49262907755732,45.589936280339415,32.45744346415741,34.5145196859473,30.47549797798467,28.65568045517375,24.38987106187474,环保局,双鸭山,131.1524,46.6554,N
2251A,,41.41440445870128,28.36323122430826,34.31628647750677,24.778800096734443,30.026833913409188,28.939716688180827,26.91869642658852,27.725310107499663,苗圃(对照点),双鸭山,131.12,46.5656,Y
2252A,,30.58037476965041,19.03555258419239,21.713824727624928,18.218621069898543,19.73469313096924,20.22258913460616,19.072528487739746,18.312208724164556,环保局,伊春,128.5159,47.4311,N
2253A,,28.24508179340822,20.448284525132344,24.908174380901528,23.833290627597513,24.727089745703427,21.74301977842882,19.67302099598825,17.650870135509248,电力嘉园,伊春,128.9102,47.7412,N
2254A,,19.496426034618192,15.138294415807868,19.079350461671133,16.555130084397188,11.475477161072805,11.209260633371226,10.792052261785592,11.520410891402504,汤旺河国家公园(对照点),伊春,129.5029,48.471,Y
2255A,,29.92567441395116,36.87735600927277,42.1589018516862,29.716653493195505,30.266142808196847,31.684658185963038,32.45700687966035,28.26705459277201,佳纺,佳木斯,130.2751,46.8028,N
2256A,,30.4004288102924,28.775840113356203,40.43143301034132,30.25906286650364,27.673132413584522,24.986937288226628,25.24036385951356,24.178714757110225,发电厂,佳木斯,130.3995,46.8307,N
2257A,,28.48486441235906,30.272337696356843,37.66542085377684,29.242743180066956,28.033088332662636,27.768763146204478,28.186124393382382,25.951766048840643,环保局,佳木斯,130.3258,46.7975,N
2258A,,35.08774495316699,31.64142140337037,36.50141955967779,29.726503557205756,29.76630668411832,27.824864024615003,28.912882986462428,25.928592964128402,十一中,佳木斯,130.3648,46.8032,N
2259A,,24.9062208930385,24.599616766125248,33.588595715205955,25.950981434426247,21.602225996169945,24.283572458617304,25.154015140251985,22.385266983008883,四丰(对照点),佳木斯,130.3794,46.7588,Y
2260A,,50.026657397647575,37.31640826769518,46.38608763036183,32.09278953069336,33.28890219647251,,,,环保局(停运200627),七台河,131.0032,45.7677,Y
2261A,,60.967264358378806,55.156752898997865,48.190192023671855,34.12027262209983,33.74313823197928,,,,新建(停运200107),七台河,130.8625,45.8194,Y
2262A,,39.85733106746767,30.90373703846207,35.66980313884706,25.458058845070237,26.54502255743993,22.543908871033974,20.418790327348148,21.24765473124862,新一中(对照点),七台河,131.0518,45.8751,Y
2263A,,24.21052774661044,23.25114160222768,24.54982699402611,18.834743742556476,15.21197718879546,16.23788663654631,15.067390784091502,12.777877002952339,交通局,黑河,127.4833,50.2524,N
2264A,,33.42316272743716,22.240066238295192,22.527150864280944,18.783856639245545,16.36370125831183,17.896037407577964,15.172424714400904,15.417877973523803,环保局,黑河,127.5144,50.2341,N
2265A,,36.73276737378883,19.334698102157077,19.667893767187532,17.547166891317257,14.447028840298616,15.556510494132327,13.872568149855475,12.53408812099999,大黑河岛(对照点),黑河,127.5291,50.2472,Y
2266A,,37.61288504859326,31.350164318166776,35.339011803393284,33.592041554721966,38.76743557467606,41.73859083774137,33.65203164639607,35.02084401710823,人和东街,绥化,126.9785,46.6365,N
2267A,,35.91741682687108,35.71889662187634,37.4274730370998,38.11832780465945,36.257303168327965,41.70709467171524,31.840900714807127,36.459783254878445,党政办公中心,绥化,126.964,46.6528,N
2268A,,27.590131474420037,23.881810443886014,22.402415779622494,22.189796927558994,19.396736563556647,,,,环保局(停运191231),大兴安岭地区,124.1186,50.4269,Y
2269A,,20.370351714559966,18.04029177279059,13.51228185354996,14.130192102040217,20.209556027228224,14.798887690659397,14.37929063635972,12.825979303678698,科技局,大兴安岭地区,124.1069,50.4097,N
2270A,,68.38544826960121,62.70052843268295,71.82862986048123,58.91129085427733,52.75599422932162,45.44344258828072,41.30569304601815,38.022469027630144,工人疗养院,蚌埠,117.396,32.939,N
2271A,,65.35298384804393,62.489068608581654,69.3422429501545,58.36208954097139,51.43218469624858,41.072684517729456,36.68559917733632,35.745170579197186,百货大楼,蚌埠,117.3605,32.9427,N
2272A,,68.41281142202774,60.97892450801733,64.04071606990004,59.58292012755452,58.85439795993328,,,,二水厂(停运200430),蚌埠,117.3086,32.935,Y
2273A,,59.065036557213254,54.840729613333814,50.67029303888553,46.85828909232833,47.65862560958095,38.659303720053664,34.49571382530667,34.549051235949754,蚌埠学院,蚌埠,117.4185,32.8911,N
2274A,,64.6253178745108,63.84148769994723,57.15013130565094,51.493684818940764,50.86241797926946,44.10937550987901,37.65664145475588,36.95709066392609,淮上区政府,蚌埠,117.3533,32.9673,N
2275A,,56.83793101147937,58.22984688517857,55.08541673964951,49.153524596673634,51.4622233862618,43.52538985818345,38.33566683061965,38.59859659718463,高新区,蚌埠,117.3145,32.8977,N
2276A,,,,,,,,,,大通区政府（已停运）,淮南,117.0417,32.6611,Y
2277A,,47.82859745225755,49.11409730005334,64.15422956265311,59.59040946149627,62.68943409992107,56.00412432255368,50.03338520604899,47.02926305472119,潘集区政府,淮南,116.8305,32.7727,N
2278A,,47.41299106715416,49.78543975747573,68.00638491179487,53.27578227465244,50.09802470063833,45.54415148558503,43.952599663555276,42.18275099261947,师范学院,淮南,117.0067,32.6524,N
2279A,,58.130128714609754,57.73844730132274,66.45459079290909,53.363503389662355,52.276534440439946,44.93313529000249,39.66416967820877,38.08425636768016,谢家集区政府,淮南,116.8569,32.5951,N
2280A,,49.719606700581615,47.10666998576527,61.33117640582397,54.631707399035804,56.031854109855765,49.119376439287834,43.79751599851738,40.70700371976919,八公山区政府,淮南,116.8281,32.633,N
2281A,,52.83991913630268,50.02935835164505,66.58950161067756,54.82172028379347,46.994458174009154,41.544998033789994,42.044970623147876,37.21586578648731,焦岗湖风景区管理处(对照点),淮南,116.6325,32.6201,Y
2282A,,53.719743268670484,55.30640030372388,62.722580143299496,57.68798083984666,53.20979554666081,49.150711663194166,41.50277857916035,41.00302453942978,监测站,淮北,116.8004,33.975,N
2283A,,64.32410989317894,58.024228799581024,73.67595222369792,57.463834289064536,58.49171933105048,49.2554807204886,41.92912779500731,44.21164970654104,烈山区政府,淮北,116.8091,33.9007,N
2284A,,57.48211283542112,59.41725556102248,68.49465120571956,60.79853432508317,55.81311411177316,49.9291981322955,42.224156049261246,42.418829698808565,职业技术学院,淮北,116.7856,33.9477,N
2285A,,58.401811792947946,52.545330925041426,57.55896530071906,50.22456187278012,46.203430849162096,34.64322004242146,35.16636863145935,33.49520129447393,市第四中学,铜陵,117.8177,30.9412,N
2286A,,51.06255377893195,51.264630221541026,60.785921035032395,53.044646853820545,54.48381725685129,41.306339061912055,38.975666327364955,35.838058539361526,市公路局,铜陵,117.8059,30.9273,N
2287A,,61.66649766231782,49.284635304620565,57.06462886883328,45.932661455375246,45.7414193859821,30.839073956450832,31.244432935986726,34.360005298264376,市新民污水厂,铜陵,117.7807,30.9413,N
2288A,,58.30868059093531,50.68402590588278,61.64029918347562,48.261008395840875,50.01724227505995,36.42892388233931,35.997554408579425,37.55741476539966,市第九中学,铜陵,117.7439,30.8792,N
2289A,,57.05622911373011,48.40121829600748,57.372190710283185,45.92304216358989,44.281263864500005,34.57415384378084,34.61960110965091,32.392081240556614,车站新区,铜陵,117.846,30.9413,N
2290A,,62.48991394744202,51.66438166937758,57.308282315824876,46.75233544776898,49.38500415201563,31.83265187629274,30.476075917313043,30.69504896845735,市职教基地,铜陵,117.8483,30.97,N
2291A,,57.64218819794289,55.27186466099208,51.209545268048814,44.82906768655083,46.79625190532306,36.95949120212596,33.28945659652914,35.1666902502578,环科院,安庆,117.0809,30.5177,N
2292A,,55.50949240044994,55.97313270684651,59.100005970576454,47.103422209001955,46.51062612145839,34.948438441252264,34.45675554241929,32.38297747486126,马山宾馆,安庆,117.0331,30.5119,N
2293A,,45.65099710262892,49.868543576150486,59.25892496959435,,,,,,联富花园(停运180816),安庆,117.0486,30.5489,Y
2294A,,50.47132103208373,52.798453654552794,62.44536747782134,46.29911396577255,42.804059900206724,31.43662178746296,31.409855141423975,33.602535730916024,安庆大学,安庆,116.9896,30.6145,N
2295A,,40.526141940653936,28.024284158327163,29.392572935755364,22.569018225030444,24.187452643509072,21.418304599750872,19.477263973385668,18.481908109325317,延安路89号,黄山,118.2903,29.6963,N
2296A,,37.980142155364334,34.037309603483074,23.501843904703048,25.21402335470901,25.185958422950346,20.51876939894892,20.415769450846277,19.24536229793054,黄山东路89号,黄山,118.327,29.7178,N
2297A,,26.165250123405347,22.161759173574527,25.551141737662636,23.70825604168479,23.691934467134697,19.24155802422477,20.140184208355706,19.494199864015915,黄山区政府5号楼,黄山,118.1371,30.2756,N
2298A,,63.279721670435706,58.207668518550214,54.1088296396038,50.73952224925751,47.83255095306967,39.26091824841927,36.81491115852892,34.34027978600347,老年大学,滁州,118.3093,32.3153,N
2299A,,59.55186892722429,57.82446605309252,56.17635082225211,50.07016516403581,50.60858943065878,41.002754857930704,36.246677519748786,32.19792902988384,人大宾馆,滁州,118.3244,32.2786,N
2300A,,63.18006097927,60.52746778936215,57.121903327171566,49.56863290347731,,,,,监测站(20190308停运),滁州,118.3158,32.3061,Y
2301A,,55.83624733994258,61.9323851297689,66.08473214909924,53.16936115347886,52.60240138195627,51.692226546236974,46.2281153962361,42.284333851104044,市监测站,阜阳,115.8277,32.8929,N
2302A,,,,,,,,,,市委党校,阜阳,,,N
2303A,,49.116328364542575,54.4652607066056,66.87274402971661,54.384481206946376,51.97637769562577,51.637601239775314,46.21129072376968,43.80644721951606,开发区,阜阳,115.8554,32.8605,N
2304A,,61.213480043062376,62.829504712598926,68.23259665594598,58.237562096359234,,,,,监测楼,宿州,116.9765,33.6481,Y
2305A,,64.54611069385095,63.739456815331636,70.5208666517221,56.35647480711451,52.371507602361696,,,,一中(停运200114),宿州,116.9677,33.6284,Y
2306A,,63.60565247332906,67.39278663968261,74.40437936093505,59.6354051465812,54.00716239603999,47.91484904751683,,,火车站,宿州,116.989,33.6306,N
2307A,,59.13708257844621,46.95212242623492,47.45651569686009,44.658887062975666,42.40586434917423,36.88464265716318,33.51450379528912,34.01458929192454,监测大楼,六安,116.5079,31.737,N
2308A,,56.30871435230398,44.55814100987545,46.2856015824127,43.433978402500664,41.10436496280784,37.57185330178409,30.1973945771299,31.325645005973907,皖西学院,六安,116.4738,31.7643,N
2309A,,51.87883647418524,40.51002512132391,43.365189464324054,45.975595873042,44.05244902899994,36.77190792856016,31.578070070132163,33.58448399283213,朝阳厂,六安,116.4996,31.7905,N
2310A,,58.42341517555096,51.93671252320412,53.10508111818362,46.850606841866615,40.94575502023379,37.63888340095523,33.82413039574537,36.072134428033905,开发区,六安,116.5567,31.7886,N
2311A,,56.04919561387446,56.08837169341327,64.59136307642622,58.72729208937715,53.576571467552,48.71010758665352,39.709750690739135,40.94634296749725,污水处理厂,亳州,115.8072,33.8399,N
2312A,,64.82025678212058,58.77243355499337,64.96494889087307,56.62501889726837,54.75780560623111,48.01482763997174,38.95501527998343,41.08998332197732,三国揽胜宫,亳州,115.7789,33.8518,N
2313A,,34.963095149470234,,,,,,,,环保大楼(停运160506),池州,117.4808,30.6414,Y
2314A,,32.83409118462173,44.56798820992168,55.7284606453711,44.61858019224386,40.95106779898213,34.11564281016621,33.1485778132578,34.95999753344043,池州学院,池州,117.47,30.6618,N
2315A,,34.918620800427455,42.51150885610125,60.51402243450601,48.56987599708076,43.719092242402816,36.69607354542384,,,平天湖(对照点),池州,117.4974,30.6539,Y
2316A,,47.57280026144012,51.669586627397294,53.814275088284084,41.43770471194511,40.412228119025436,32.33951512861092,30.152572765694124,32.76524953274534,鳌峰子站,宣城,118.7581,30.9454,N
2317A,,40.362226137488136,45.2524586172013,48.31375191864636,44.81096264781483,44.052401814965734,32.63446345789133,30.590897621511534,31.359799899144782,敬亭山子站,宣城,118.7385,30.9743,N
2318A,,56.75547051683843,55.67834252647702,50.08774486747563,45.38940183625235,41.71313692632842,33.99095461479572,29.42614777759812,31.886088543318415,开发区子站,宣城,118.7173,30.9427,N
2319A,,32.29851883652381,30.56919335484948,28.367522007638794,27.1045328638518,25.258049170550787,22.18614162855472,20.796239891549497,18.082684663219915,荔城区仓后路,莆田,119.0141,25.4325,N
2320A,,29.836890410100086,31.689486906504865,30.92250801745362,27.140318729394778,25.0680965463678,20.9483107868223,21.583363551220863,19.05842569132349,莆田市监测站,莆田,119.0015,25.4553,N
2321A,,28.365706364919056,25.84852570862426,25.518262876641295,25.91292726389157,24.13206145682153,21.910708076001743,22.61985780957281,21.35980331534065,涵江区六中,莆田,119.1119,25.4561,N
2322A,,32.587851969334444,31.181842930843512,28.428151251766153,27.363299486509806,26.026499003076534,22.769676764512862,23.569640674328422,20.389100534437127,秀屿区政府,莆田,119.1013,25.3215,N
2323A,,26.376768450089433,22.152221396887644,22.62978892610827,22.667853614963455,21.21528004789537,19.17300764019907,18.42742985192929,,东圳水库(对照点),莆田,118.981,25.4792,Y
2324A,,29.25422492388511,26.70765174557979,29.260240393409052,27.25785189045541,26.202144021589085,24.674535430053034,25.793564089644043,21.73176639384851,三钢,三明,117.6211,26.2625,N
2325A,,30.75747743093493,26.738560451318264,25.56086206448244,24.001473155698594,22.260982260883416,19.65666147504188,22.948003622151703,19.285145202214036,三明二中,三明,117.635,26.2714,N
2326A,,28.972334023885885,26.88646340917059,26.357585425146947,26.469662382076827,25.04414853971545,23.444014221118533,27.77618187546577,22.48878047719601,三元区政府,三明,117.6028,26.2378,N
2327A,,26.943845511738395,28.221610139747018,24.923537831771785,23.739294346361504,23.008950883046424,21.143389405084097,22.149360235999065,,洋溪(对照点),三明,117.7275,26.3108,Y
2331A,,,13.386349661355533,18.74400539311263,16.098604433748328,14.3428643898502,13.316995140330189,13.999749300535456,,茫荡山(对照点),南平,118.0966,26.6761,Y
2332A,,30.75769369385137,26.79208808823755,22.782121720383504,23.81848275242096,21.42803762462616,18.924043040864095,19.808582261728876,17.65444007685601,南平市监测站,南平,118.1681,26.6369,N
2333A,,28.34052615073114,25.615155270693954,27.45242227825416,23.715033539621757,21.114529343350355,20.666019258002535,20.777890800165288,18.203334998568796,南平铝业有限公司,南平,118.1825,26.6489,N
2334A,,27.814346208073346,24.363747613442158,23.0156230803845,22.667112747107964,20.473047151503458,18.584547591901377,20.14525305771015,18.85381499882334,南平七中,南平,118.1756,26.6272,N
2335A,,28.945190241003836,28.701909119360753,28.51897126213273,29.668908142677452,24.922671840182662,21.24071612640808,22.590780374996115,,龙岩师专(对照点),龙岩,117.0189,25.1181,Y
2336A,,26.484214521301137,25.4267340877163,25.49559780380184,26.974129789824474,23.19367445440853,18.758384893872076,20.730342242231693,18.461191420408074,龙岩市监测站,龙岩,117.0217,25.1033,N
2337A,,25.962483710653434,24.53527580573878,23.908970372845836,24.648299053910026,23.31178722570646,18.79894469135546,20.46561591753641,18.326137225592163,闽西职业技术学院,龙岩,117.0258,25.0661,N
2338A,,,22.62913736905209,22.147886662559905,23.518249820235855,20.78610803106735,17.812241992178606,18.629665917016766,16.797511253073914,龙岩学院,龙岩,117.0196,25.0306,N
2339A,,25.753839056213476,24.568464090214963,27.158967151642347,24.720004154870484,21.44904858014606,20.210478856653168,19.203873575886078,,金涵水库(对照点),宁德,119.5001,26.6946,Y
2340A,,30.08502945590883,27.146728032932472,27.82353764006505,26.29720914537707,,,,,蕉城区农机局(20190319停运),宁德,119.5202,26.6607,Y
2341A,,28.927346657052706,26.73216861936353,25.529173344228703,23.873169077214328,23.599020036205502,22.37481640989756,21.37542746855308,19.095964086850852,宁德市监测站,宁德,119.5388,26.6612,N
2342A,,32.84618286713623,29.935313964390318,30.729415248896046,24.985876487907746,24.698690566997207,22.213408076000906,19.565471551669233,17.64963923813675,王港中学(对照点),景德镇,117.3102,29.3867,Y
2343A,,43.61976306210813,43.739345637096804,43.815617061912505,30.601408286174625,28.07491012063352,26.365451214539824,25.412826434300904,24.818406691833463,老干部活动中心,景德镇,117.2117,29.2933,N
2344A,,49.17878952809975,38.788013579928865,38.29599734247611,28.711767390510754,26.56238480660336,24.825685780507655,24.180789412060676,24.117238458234517,兽医站,景德镇,117.1894,29.2789,N
2345A,,42.98952122164966,42.95607722535518,41.56342597360795,31.62176193518283,27.955847772094096,25.552727534040415,25.80672849225889,22.49907496529564,台达陶瓷,景德镇,117.1547,29.2617,N
2346A,,43.07910018246255,41.41472907807262,41.89724458638674,33.11775566863905,28.195176384646896,24.36194708231291,22.877588318976436,19.566945734490155,陶研所,景德镇,117.2461,29.2956,N
2347A,,23.215843992135103,27.156827369322322,25.708239197723433,22.041637950012618,17.252227845621118,17.409867247042094,18.270667906213077,15.63704753891446,武功山(对照点),萍乡,114.0997,27.5002,Y
2348A,,66.00162149550569,63.27297021128928,51.95160017309687,46.813634867849636,46.4824881979163,37.91353141835779,40.764314420006635,32.52464661543915,中医院,萍乡,113.8385,27.6434,N
2349A,,60.47085933171372,62.55797852115674,56.26441791557645,41.446117583347316,31.34612738613609,26.82637078023485,34.543770441896136,33.242077984150306,市政府车库,萍乡,113.8493,27.6253,N
2350A,,55.16280246068612,50.412581627134244,49.97617743156804,41.39028911135837,37.42265662841194,30.948805975448437,33.60874228754647,34.10510756095576,市环保局,萍乡,113.8676,27.6435,N
2351A,,56.094610315696016,53.74457015915034,53.174674195153955,43.61750891798079,42.17498674644492,35.43560723265692,35.796955456346346,31.497474557163585,安源区政府,萍乡,113.866,27.6198,N
2352A,,37.47548635687506,46.40780927599526,46.24176541202432,37.68434521329106,34.470350803341454,29.476632142227416,29.801681772456064,25.870435392122054,北岗(对照点),新余,115.0861,27.9317,Y
2353A,,34.48718448755172,39.034872669317195,44.35597713918675,37.153164515188905,33.232178081102894,27.598108008953634,28.09734432613625,26.704577676338776,飞宇,新余,114.9886,27.8431,N
2354A,,39.60041909754807,45.36758517287122,52.58058394114886,41.66556627170239,37.70459641032753,30.827186025667043,32.45820553239212,29.504224984663015,第二水厂,新余,114.9231,27.8246,N
2355A,,43.253562435991995,47.45635500413884,47.285004559311176,38.20491857031692,36.244843375156044,34.71900722988829,34.75326185652526,31.026999707163743,市气象局,新余,114.9308,27.8036,N
2356A,,40.91548066354673,39.602700740208476,53.356610887201036,37.11194859899441,,,,,新钢氧气厂,新余,114.9119,27.8042,Y
2357A,,32.97887091356932,32.880331179600546,32.09541897417049,29.332162873376923,28.59733263007008,26.102239251494094,22.1734722552072,19.023105173680044,龙虎山(对照点),鹰潭,116.9822,28.1136,Y
2358A,,40.43991640116873,41.351598686832546,42.40640554658171,35.33765183751886,36.42746055963688,33.2692026754667,27.5228280536941,25.171471580495588,新监测站,鹰潭,117.0564,28.2642,N
2359A,,41.87354385917673,40.37905851870004,40.98818980289775,35.1036386342368,36.737711689052546,32.925757879713544,26.18044935697225,24.404437673281862,财苑宾馆,鹰潭,117.0311,28.2475,N
2360A,,39.858734564122976,40.78671313928323,40.23174155316149,35.597449920012444,38.25351277955167,33.05225026896653,25.220391334923953,25.018662831080963,体育馆,鹰潭,117.0222,28.2264,N
2361A,,41.65621108851785,41.11495459017361,43.002512816401705,37.616501327455985,39.62609286321327,32.01672020174745,27.228097142120173,24.698854046666117,三川水表,鹰潭,117.0017,28.2131,N
2362A,,34.21997077197642,34.178427531961496,42.35668789448634,34.8516833406978,24.71606773017874,23.015660461782062,19.727638495669023,19.07042834349083,通天岩(对照点),赣州,114.9017,25.9149,Y
2363A,,41.10344046436028,45.316411756129604,48.90024280485912,39.58859600020049,28.03672345188735,24.803879498421104,23.53382473969205,21.190103163272838,地委,赣州,114.9367,25.8664,N
2364A,,40.99333845667691,43.230431276162115,46.19907214515952,37.03326976064977,28.34831497286677,24.20224046126593,23.423494721959308,21.824996427768426,气象台,赣州,114.9461,25.8481,N
2365A,,41.8857218882228,43.93033284424174,47.30359312161145,39.78567481866793,29.906852918770365,26.304614141392943,24.03848877499624,21.76353147152928,市图书馆,赣州,114.9322,25.8333,N
2366A,,43.46796039216564,48.733571721888666,49.65282250114749,40.161984315714975,29.912970083454614,25.971524230751573,23.34059650406394,22.1586491893159,华坚鞋城,赣州,114.8905,25.8471,N
2367A,,42.113075913211276,46.81533297696856,51.93312522255279,40.05897950951133,35.09767563176717,28.261538054852398,27.01425652227184,25.561888750415434,红声器材厂,吉安,114.9754,27.0803,N
2368A,,47.160187361235984,45.23781210222259,52.55731933466695,39.29865874028259,33.976280706576524,28.958675169161452,28.30420433556546,27.819912677858948,市森林工业局,吉安,114.9658,27.0999,N
2369A,,39.17405923833045,44.263921252480316,51.14672363667898,39.30336412267164,33.742132335646964,27.522590237963904,27.78446607766326,26.989205687347845,市环境监测站,吉安,114.99,27.1312,N
2370A,,41.10474791369984,45.90094877224087,54.542324185890564,39.8485584452094,34.78824728720351,28.648585361161484,27.625921731754392,26.407821810603266,青原区法院,吉安,115.0093,27.0968,N
2371A,,52.86370482462315,51.24921160131496,50.554455348255644,38.72131321628156,35.35194794488074,31.23562345815102,31.15037658054153,,槟榔水业(对照点),宜春,114.3408,27.8064,Y
2372A,,38.863671936456896,46.717592258542005,51.99105452828426,39.646090666618335,,,,,市中国银行,宜春,114.3806,27.8014,N
2373A,,34.23998759146852,50.93228212418435,50.322968765914574,38.634162560764736,34.30250275168492,30.008667680929708,31.35339824671283,27.801531147830964,市石油公司,宜春,114.3956,27.7844,N
2374A,,39.17070118304527,52.08868848940022,51.38070248472456,39.49170670394157,36.1101657683974,31.937982302970934,31.567284797563815,27.737949811938453,市气象局,宜春,114.3703,27.7914,N
2375A,,49.48662696620173,52.37365734090428,53.56704289957437,40.651171932478704,36.19684945859392,30.832886709330783,30.664227775290975,29.566587350332036,市广电局,宜春,114.4013,27.8074,N
2376A,,,40.27865388784294,46.047777580570795,36.9793083617279,35.069212455522965,30.178918346714912,28.225036614129753,23.60588441413568,桐源党溪(对照点),抚州,116.2127,28.0814,Y
2377A,,42.8742652198345,42.23906173365634,50.494737066711,38.717740311205475,33.844667555862095,26.43196700240929,26.060572784985446,25.388613597592833,市站,抚州,116.3544,27.9831,N
2378A,,40.26704964197315,40.54616834091397,46.64389050444598,35.2590153264986,32.834099287710714,27.236111188044198,27.164472193066093,24.529041878455736,血防站,抚州,116.3565,27.963,N
2379A,,38.067047453425594,43.38136992962028,51.197214921708806,38.98130486652094,35.581926104787655,28.918631287012087,26.613485313418934,25.1223012009185,采茶剧团,抚州,116.3564,28.0007,N
2380A,,42.15667886030996,37.66014181449022,43.831913649080356,33.15202445448078,29.00755750297895,24.149754385867244,23.713117741471272,22.51545507732865,医学分院,抚州,116.385,27.9647,N
2381A,,38.506529336771905,34.57303931252986,41.43545347138134,31.281499000951015,28.975154947835858,25.86045402537827,24.776565309833934,,百草园(对照点),上饶,118.005,28.4572,Y
2382A,,44.936536629505134,40.49927702616727,43.39544481223327,34.64884385629884,32.47333403901022,27.553565687026584,28.202125697507242,24.855301582563445,市监测站,上饶,117.9756,28.4436,N
2383A,,42.62822037374523,40.09417389821454,44.75818326778004,34.79226167045398,32.04419501838365,29.753793607670982,26.770926997685795,24.775783678425643,凤凰光学,上饶,117.9519,28.4628,N
2384A,,42.9602912230117,41.782269057279656,46.387581045161575,37.91835793365535,32.74245777103158,,,,开发区管委会(停运200112),上饶,117.9033,28.4303,Y
2385A,,73.35853727347984,84.19776394623366,64.60179800717891,54.22033960951451,52.749176754427005,49.07427187622396,51.623755311310006,54.852338843263496,市监测站,鹤壁,114.17,35.9019,N
2386A,,69.24004967244481,73.33960323537025,66.22918035517105,57.248666204719896,71.50396405983108,61.63660769040192,53.061293460144874,52.21208631332731,市交警支队,鹤壁,114.2956,35.7511,N
2387A,,68.25130273386333,66.96029436038997,64.77149023188804,55.19988324137687,59.58527080320201,60.2943570436501,51.6366832278163,51.43681422750171,迎宾馆,鹤壁,114.2878,35.7306,N
2388A,,93.26027905623626,83.7446183641875,,,,,,,科技学院,新乡,113.926,35.279,N
2389A,,94.24971488924508,85.49833732415117,66.18830912091174,63.15962596635331,54.07872091345686,49.34493675306746,49.91525238333426,52.745888284526316,环保西院,新乡,113.836,35.31,N
2390A,,92.04785429010782,86.80437959709707,70.47971110703274,63.41840651333661,54.61580750022747,48.67735572149387,48.71486655289673,48.61773636966211,开发区,新乡,113.884,35.272,N
2391A,,92.37632750491274,84.25512052081014,65.10217903066305,62.473908321715335,61.47007294718741,56.6644029169279,48.60439528862516,46.66502850650856,环保东院,新乡,113.883,35.303,N
2392A,,76.5568628824315,66.37355129614326,68.37432056514955,64.08203315381043,61.838396391788905,58.71143129720151,54.01947847717895,53.11113886410714,环保局,濮阳,115.0312,35.7636,N
2393A,,82.56937128150413,60.17169878596551,,,,,,,紭天威,濮阳,114.9906,35.767,Y
2394A,,81.8207135673105,69.92280462056321,73.60213149426464,67.63422548211273,68.64349062870319,60.820493899889925,52.69041320447164,54.89200328635742,油田运输公司,濮阳,115.0574,35.7609,N
2395A,,82.25323152152927,70.38225085546188,68.18556931652988,61.11207684642588,62.49062029558204,56.59233062630684,51.78082550818239,53.77630121445446,油田物探公司,濮阳,115.0866,35.7754,N
2396A,,75.95804333027148,62.44242080110243,63.50456049682055,61.90995024430564,60.43126590606864,54.40013515498613,47.35104060119271,48.822419584510904,监测站,许昌,113.8276,34.0159,N
2397A,,93.20776494904399,70.02184048858268,,,,,,,环保局,许昌,113.8208,34.0314,N
2398A,,76.55319204843823,70.87872148419116,64.82398734141971,64.113612507075,60.66649579400784,54.08912552250811,45.25369479333089,47.69698538707033,开发区,许昌,113.7906,33.9953,N
2399A,,83.83381353911902,76.62610831429528,62.75814341942073,62.90738956081575,60.386010072189045,53.63560040113569,48.7082590636011,50.840086342881555,三五一五工厂,漯河,114.051,33.5699,N
2400A,,78.05902506035555,76.4988040008667,66.39392089096269,62.83016603415702,59.63276611984479,55.63741683650283,50.689793761813775,49.77247877974807,漯河大学,漯河,114.0055,33.5698,N
2401A,,77.89242865205043,76.99358819491363,65.20576407500494,60.663216071536496,59.2633465155209,56.142432698822496,49.21556034933344,50.88438923751551,市水利局,漯河,114.0138,33.5828,N
2402A,,79.38811419782408,77.79483278027,63.7352242657796,61.89447893159809,61.468550505780584,54.23137091072847,48.743601323428564,52.12783107826561,市广电局,漯河,114.0261,33.5698,N
2403A,,82.26791962987072,61.122121438908756,66.30393110214708,62.13565251659328,59.0661879030746,51.474731190256485,46.440765489951765,44.558402988200456,环保局,南阳,112.5192,32.9917,N
2404A,,,,52.653900411363914,59.6066037280265,62.27737235358744,50.48932485202662,47.24644976117845,47.75784220977715,瓦房庄,南阳,112.5339,33.0086,N
2405A,,73.36614011675711,71.17456498100792,54.53775531831096,57.28337895982746,61.63904384986251,52.218376460339684,47.79164498465442,47.40478073684886,汉画馆,南阳,112.5003,32.9735,N
2406A,,65.13484523352224,60.12450114010178,54.78353629203339,60.19130164855162,59.93417173183732,50.320830264264444,45.256607324470586,46.300386675862725,气象站,南阳,112.5779,33.0144,N
2407A,,72.77552808843826,52.35621171033683,61.17847164169861,60.73817120225891,59.09409243060832,51.95319226216072,48.08968878217142,46.36425665258862,理工学院,南阳,112.548,32.9692,N
2408A,,74.24686272455756,78.27347006920132,64.81544107001744,63.68470942300069,59.70317681374986,54.52731723524545,47.83575144415494,46.78604081000233,环境监测站,商丘,115.6702,34.4285,N
2409A,,70.12998970581222,78.59921355050803,62.89411411708895,60.660565797101235,55.44530725181055,52.59985453267894,44.45058525990353,47.65559041545815,粮食局,商丘,115.6458,34.4045,N
2410A,,78.80817982387585,76.36475029320538,65.19252859104834,61.463304650465666,55.35632942470097,52.69411619784386,49.08362185845035,46.03150804034418,睢阳区环保局,商丘,115.6293,34.3948,N
2411A,,74.10469658826734,74.17093297349665,56.6689958783734,64.53353230013822,,,,,第三人民医院(20190220停运),商丘,115.6578,34.402,Y
2420A,,78.7678175302092,68.96728979551901,57.60436491171833,61.24031771992914,52.81719790227726,45.2144595487409,43.76439752567329,44.82325543956857,市一纸厂,驻马店,114.0189,32.9656,N
2421A,,74.34526127194675,68.89313857545964,63.46109976815607,57.26403291850613,50.21551085934788,45.51856773442526,41.283982172666036,42.77840782019493,市彩印厂,驻马店,114.0114,33.015,N
2422A,,68.53506338126466,64.82370757783023,56.96758787683528,59.12229572203271,54.14881588277047,46.28360875525779,42.30325897931245,44.122994268854384,天方二分厂,驻马店,113.9976,32.9771,N
2423A,,65.60380976972245,54.59942148509952,48.4104220552522,37.69155230671594,37.236033626409856,33.171817467939206,30.790259705141118,31.00862804222229,沈家营,黄石,115.0601,30.2313,N
2424A,,70.93443467356975,57.198295736819446,57.49264835011834,43.52824596214969,39.52217778590238,34.43105167178126,32.21681152118352,34.862654034389486,陈家湾,黄石,115.0817,30.2006,N
2425A,,67.47678013561017,61.97062214854353,59.9890934339432,,,,,,新下陆,黄石,114.9551,30.1765,N
2426A,,68.07833893650219,54.086330762242305,54.768717665075535,44.17527157462338,43.018125133476005,36.32595450710924,37.8060797334176,37.23716149237635,铁山,黄石,114.8988,30.2019,N
2427A,,64.49430925086908,57.041169894682,58.53926384054766,44.66181401354098,41.71354140161311,35.1941092065607,31.785856026306337,31.545454933251587,团城山,黄石,115.0307,30.2092,N
2428A,,42.46991378832977,35.57973402201952,31.92525849174273,29.46862647391244,27.6953261322829,21.058078639469187,20.97486630644384,23.584619138731746,武当山(对照点),十堰,111.0419,32.395,Y
2429A,,56.827744672789834,52.53324499527615,48.91959627288658,47.30937194449084,43.19259739976706,35.48750033281159,34.37465218983794,34.773446354551325,滨河新村,十堰,110.78,32.6494,N
2430A,,60.77277293400088,53.442577631408106,43.79677958293482,41.194564309600906,40.488072561762515,33.75110789276157,30.24849867091651,30.859790704873426,刘家沟,十堰,110.7258,32.6389,N
2431A,,49.439732044946076,48.461356129910875,43.15728153350711,39.16218137495941,36.45306849811576,30.55984216697778,28.76754719888293,30.389521505970137,铁二处,十堰,110.8839,32.5714,N
2432A,,81.04769807778652,63.540731754409144,65.59654071335514,58.255969998146284,60.30045848124849,50.42418722949488,48.24894746680257,48.61310265011189,襄城运动路,襄阳,112.155,32.0197,N
2433A,,79.58345587699343,63.52496298431834,65.19793388932442,58.76593629970398,59.545837641598624,51.27961391461489,53.33044767738123,52.25432989561381,樊城新华路,襄阳,112.1392,32.0564,N
2434A,,76.3213180310679,67.60133036744394,68.4941190659258,60.891187690009914,61.56589452878864,55.12412526799617,55.10283090336175,55.15281599446147,高新管委会,襄阳,112.1825,32.1142,N
2435A,,70.2167670379802,61.284675383326686,69.15230432389977,65.6787460446936,62.01885214982339,52.78147704840464,50.60845552462502,50.481736664584155,襄州航空路,襄阳,112.2106,32.0903,N
2436A,,63.46856223148087,58.40593534613174,57.59904203692259,45.94614091128482,44.29134982844937,37.419668594591585,35.001702498674554,34.1879096944575,市政府,鄂州,114.8938,30.3994,N
2437A,,63.44135496328292,56.55814463213546,59.6070248010864,43.34257047091489,39.31132369972214,37.53804504125251,39.1740884958033,35.739204993888805,赵家坝,鄂州,114.8989,30.3714,N
2438A,,77.12860026520178,61.88793672280361,52.757111929477546,48.35078027699787,43.87931772619594,38.44932452281363,,,凡口开发区,鄂州,114.8131,30.4133,N
2439A,,69.69158384164892,54.65595104634587,51.25158883456968,57.54730082522003,59.274161623769125,47.517898785984436,46.667271089141444,46.05065409281632,竹园小学,荆门,112.2014,31.0481,N
2440A,,69.45111196564436,59.628477536146114,51.127518768203096,56.58759604223926,57.053604874534244,45.08064639107248,46.63689091261064,46.81482252719524,掇刀,荆门,112.1969,30.9891,N
2441A,,79.71181497557764,64.07481351032675,54.27856364580039,58.13726984083518,59.727421863411415,49.1572056688999,49.322739537578855,48.055732852309546,石化一小,荆门,112.2213,31.0386,N
2442A,,61.92842023934224,47.57397511795248,,,,,,,市政府,荆门,112.1931,31.0375,Y
2443A,,70.93021900919372,42.89524798123291,46.903352091105,41.83703691365669,43.37394557027983,36.37143247829693,32.686061360259025,43.00959990028688,文化路,孝感,113.9153,30.9285,N
2444A,,71.69982664508363,47.775301397781455,53.286758748102294,45.76238367036069,44.05949150548912,34.8792807321621,33.45156420369671,39.24083421997276,东城区,孝感,113.942,30.9075,N
2445A,,58.68201058251555,51.160918651884835,,,,,,,大洲岛,黄冈,114.8857,30.4522,Y
2446A,,59.20428934624133,48.878686301432715,51.09606046580501,41.81928930236827,38.740740659227015,36.01762273310586,34.28021388435955,34.283076636919944,职工中心,黄冈,114.9028,30.4742,N
2447A,,53.1923384812631,46.50290855702403,46.57928932775562,37.33635723391404,32.28831766775776,26.103466821607032,24.08121663942006,24.919367270066026,森林公园(对照点),咸宁,114.3175,29.8142,Y
2448A,,55.935689094783015,47.46967209169494,48.6034648632544,37.16387837367681,37.210046613973276,30.570942318846065,27.829446729766236,27.948930976552596,市发改委,咸宁,114.3107,29.8454,N
2449A,,52.943505927736744,45.778674493569014,43.22660516657461,33.44314160582051,32.63694982865963,28.06152544824665,26.61566790307996,26.786537179322117,咸安区政府,咸宁,114.2936,29.8566,N
2450A,,56.19333444543153,50.033927839936,51.38317945099673,39.941894014253364,38.38735842958447,30.14922358215777,,,长江产业园,咸宁,114.3375,29.8683,N
2451A,,66.69661642898528,56.4342091855465,52.366910158330406,45.69496168486412,44.22207822488461,38.128555343792065,37.36203682922177,35.86577370731514,市委党校,随州,113.3583,31.7275,N
2452A,,62.41749711578742,57.5922839258445,52.23773521449843,43.62846091370973,41.29795394222388,34.31727608080615,35.7346555975229,34.908950809939235,市林业局,随州,113.3833,31.6908,N
2453A,,68.80940595339433,52.669654218141496,48.94911997266536,42.21986830178875,40.71278921495787,38.050812063462416,36.060912864186555,35.832624590508566,市立交桥水厂,随州,113.3983,31.7308,N
2454A,,52.30223704930328,46.88514881715139,44.37333492036703,37.35966258761321,34.60233851943646,29.829898033494423,26.058884164112964,31.195185880664756,湖北民院,恩施土家族苗族自治州,109.4978,30.2981,N
2455A,,54.50955941668888,48.095141879353115,47.175610001701635,35.66557495624365,29.709496587138933,25.35693564759069,26.688659132244943,24.762871577634854,州电力总公司,恩施土家族苗族自治州,109.4707,30.2798,N
2456A,,51.542750745587064,47.644442414929024,47.60448740552819,43.34402247086606,43.59036115435266,35.88563820115534,34.218401818641844,30.873925350599286,原169医院(对照点),衡阳,112.5003,26.9167,Y
2457A,,54.54877382847171,53.81368672374292,48.69863576478677,41.54327603779791,,,38.68149481713456,33.1082640746051,衡阳化工总厂,衡阳,112.6194,26.9258,N
2458A,,54.72313672399824,50.97487428595684,48.12251209810794,41.320392689502114,46.12837489892395,,,,珠晖区环保局,衡阳,112.6211,26.8956,N
2459A,,52.69246934157478,50.212097864909445,50.961485888836464,46.64491697299923,,38.09109749626712,36.80168800674905,30.664064590386747,市委党校,衡阳,112.6197,26.8733,N
2460A,,58.51826262350614,54.802636796232285,48.28075267991924,41.90401759901116,41.24121213309565,37.84254122634634,39.38989191589395,35.528121727777034,市监测站,衡阳,112.6006,26.8919,N
2461A,,52.382751525125904,52.841210111539866,50.79205599238253,41.7353986251358,,,,,真空机电公司,衡阳,112.5664,26.9056,N
2462A,,51.59885369676808,46.060832968040316,44.193817356518146,36.3241811187295,36.47681950048978,35.73092157430105,33.184276184759085,36.93058566030885,市水土所(对照点),邵阳,111.5239,27.3033,Y
2463A,,61.146933859985424,55.343641327153165,59.09613103974354,47.03975279258075,43.15981228557921,40.37865993218013,,33.088717893517256,市一中,邵阳,111.4733,27.2317,N
2464A,,55.917939729129365,54.97168365742806,54.019905987871574,46.564635542898486,44.2159629502405,37.93675717506587,38.08546834342624,32.88953826023298,市化工厂,邵阳,111.5283,27.2442,N
2465A,,59.65671290329743,53.246130841624726,56.48216045998276,47.71393728383009,42.88728572092995,37.23296471174956,36.52226002715181,33.967573488875104,市罐头厂,邵阳,111.4503,27.2537,N
2466A,,59.210012014120835,52.875647342350014,53.14812149380757,44.5847195478161,43.95975112274405,39.080426193126634,38.095845988598576,35.13990857247613,市环保局,邵阳,111.4328,27.2272,N
2467A,,57.37771163336516,54.31854494952549,47.11966587041161,36.86795920423426,45.99936147714567,36.39557509675795,31.386291493610738,33.57600509988428,甘溪港(对照点),益阳,112.4067,28.6428,Y
2468A,,46.343609488998176,39.143458429452956,49.015570116055784,42.07193563898943,52.8059888066592,42.68104780067571,35.322712232200175,39.80009991207289,市环保局,益阳,112.3458,28.5808,N
2469A,,53.60033349343287,45.08661025106486,49.132321347377484,34.599689075641166,54.706726608079464,43.87442632033889,37.36756796357048,41.6492444418387,市特殊教育学校,益阳,112.3437,28.5531,N
2470A,,46.28369725776726,42.54129515310581,33.24160550996355,26.91916525359388,55.83668115790815,43.01823123195645,37.843474732584376,40.21475883680469,资阳区政务中心,益阳,112.3347,28.6047,N
2471A,,52.54025233714139,46.92125553260779,36.35164894955615,29.50635223295405,54.23426711447085,41.61874250725105,34.17186450992111,38.74193132379853,赫山环保分局,益阳,112.3744,28.5819,N
2472A,,45.13956193159602,37.604120749936044,35.62740317852886,26.793874453936834,29.395425589618938,24.159698725327143,22.463333646339454,21.57181435480972,马头岭(对照点),郴州,113.0073,25.9061,Y
2473A,,59.03724740655907,47.70854484916578,47.18219325959665,36.68010889742975,35.91766896020328,29.96925466308009,29.535719965640904,25.93208074541385,市职中,郴州,113.0116,25.8226,N
2474A,,50.990793962786405,42.5579821603773,37.447093287198015,30.394998274380264,30.871349441585497,29.053157435823216,26.094537685803772,26.918334866071056,兴隆步行街,郴州,113.0161,25.8001,N
2475A,,38.659510389509265,35.62956442996517,34.046819615922395,27.869560527298923,27.368454307432376,27.826167626186873,27.713357669195037,26.026216247415206,市审计局,郴州,113.0383,25.8071,N
2476A,,35.632718206897955,38.444787511320634,33.044488186636926,27.253243435262494,28.41660879798163,27.00150729573539,29.213887919859626,27.120316578568506,市环保局,郴州,113.0348,25.7759,N
2477A,,55.25576523718035,46.871460517039516,42.472454245275195,46.05266658434532,36.41727600925349,32.73176649065639,31.031341201437677,30.69519237471876,零陵南津渡(对照点),永州,111.6217,26.2081,Y
2478A,,54.72833532386713,43.758108193384544,49.008638342760506,48.1342235664003,39.65179157126292,31.938852241928387,31.983537688710012,31.397808306164794,市环境监测站,永州,111.6156,26.4214,N
2479A,,49.3041530144217,42.55078614660288,46.06583121811168,40.28107760545601,38.51777210758717,34.066782894678205,32.294117844334465,34.002385378782485,零陵区环保局,永州,111.6236,26.2331,N
2480A,,50.64334510957107,45.574994162065806,44.06652849589407,46.22750264717595,37.854969060259016,32.41879456032969,33.58006480396036,35.23020596110775,永州市环保局,永州,111.5992,26.4364,N
2481A,,53.87551596687413,46.74687891682173,44.206088812368606,50.09086459515899,38.76414787864386,32.99494762928667,33.700689567744654,32.06472287911185,冷水滩区环保局,永州,111.5989,26.4519,N
2482A,,49.46424865964095,42.43990473882501,39.340308108394126,31.497207236994846,35.35163947844942,26.035328857047293,23.701788896739952,23.057046882073596,林科所(对照点),怀化,109.5981,27.5721,Y
2483A,,58.65369951401642,39.17740357127044,36.03820248468234,28.993694168256397,30.09238089890986,25.931767822006925,24.384963116786356,27.468954937416715,河西地税局,怀化,109.9453,27.5444,N
2484A,,48.83724268147026,42.647488948524455,39.11782936904162,32.17216642755429,33.19138497249335,27.704705352256838,26.870081744160885,29.855381616802433,市四医院,怀化,109.9781,27.5342,N
2485A,,43.456999724365104,38.05058118396852,37.277648534463445,40.834243089969895,41.27730375328087,29.217982938594922,28.444715173640656,26.802236222099527,监测楼,怀化,109.9972,27.5578,N
2486A,,52.902495176897276,47.82237669269799,43.605755274762814,36.296546988039374,38.485703154839044,31.000472229810182,32.4893146131664,34.486935330546444,市委党校,怀化,110.0394,27.583,N
2487A,,,39.954183986942326,28.682120131556626,23.49728358941226,30.315906711896798,26.064717222902146,24.626074619435084,27.589379301238555,电视发射台(对照点),娄底,111.9589,27.8901,Y
2488A,,57.9995482187046,47.94237122955019,41.678770613500134,33.82279903596258,41.928764778190605,34.694781996041534,39.791115980891625,38.62774573539264,市监测站,娄底,111.9975,27.725,N
2489A,,46.24006667575265,39.48731861931616,39.44937453505345,31.812873425908695,38.224285817792136,31.90236381382692,35.76320456781665,36.979544267974546,市委党校,娄底,112.0194,27.7314,N
2490A,,62.479920714364674,45.66810150972138,39.12977942965406,33.17706624362922,40.47359204504836,35.18974834166406,37.299884481031,39.52420555114507,涟钢,娄底,111.9561,27.7569,N
2491A,,56.28352740255661,48.450718349520365,44.56006231123818,32.94912015143759,40.70887817690005,31.855325958532084,34.438794684094,35.943208782835704,市政府,娄底,111.9892,27.7044,N
2492A,,35.11113228500965,29.152678453414705,26.188001730682863,27.946962102098254,25.891095200602617,20.451845136807012,19.16810789167485,21.347236554931648,跃进水库(对照点),湘西州,109.6414,28.2558,Y
2493A,,43.80530941667945,40.639245829372214,37.9861464022443,34.21732730097322,30.762190306047057,24.78042685684865,24.09085836825889,23.783114617965655,州政府,湘西州,109.7325,28.3169,N
2494A,,51.77659173827273,46.71647687925688,41.66912319969054,35.472594882525655,30.259989680489298,24.64813249307146,23.70277603254847,23.456608371786942,吉首市计生局,湘西州,109.6958,28.2675,N
2495A,,36.10338902443381,41.389193730753064,40.459750364698984,35.93298674288985,32.22884429712527,26.738236632565688,27.979043786608035,27.612164543394798,市逸夫小学,梧州,111.3014,23.4832,N
2496A,,31.81269656357895,35.01162236498589,37.82057895863646,32.60253479756787,24.535879226839366,21.885142084723242,22.651151776292725,25.46794228228809,市十一中,梧州,111.3239,23.4794,N
2497A,,35.873251922519984,41.64431907577277,46.080788528606796,41.457326439496896,32.82394741310295,29.944048121761398,29.37380419498932,28.948911099887724,龙圩,梧州,111.247,23.4189,N
2498A,,39.24726435491527,37.998569349022844,42.09255891794529,38.143635122118965,29.042982059936957,26.45936523661594,24.985503639054635,26.288576218640948,龙新,梧州,111.2711,23.4835,N
2499A,,31.403146806770696,30.869126665694996,29.287539900625994,29.888176549797155,26.659594839500983,21.002839735946118,23.14902555664952,21.925054419190655,沙万,防城港,108.3411,21.6158,N
2500A,,31.752067367746488,29.947363792499413,33.28890849725336,30.934607448366272,28.051235434279427,23.482494071212063,25.704664581084348,23.752833359613973,防城档案局,防城港,108.3514,21.7731,N
2501A,,29.587943734914568,26.421266275097356,29.80304952683278,28.325606836070033,26.99572517588408,22.88482626149359,23.30826910755036,18.230059004385012,大海花园,防城港,108.3506,21.6414,N
2502A,,36.25193764380959,39.82509813142682,35.41777649952246,29.865710829449654,28.563027099483786,23.43782430897207,26.386759855547947,23.38720884533153,市环保站,钦州,108.6236,21.9667,N
2503A,,36.13949784194259,34.64398230936935,34.64912307003567,34.05454368079745,31.927867749790437,26.473285421180172,28.71861872164292,25.22257705546988,沙埠小学,钦州,108.6549,21.9481,N
2504A,,35.2609607439969,36.81563949630361,37.942685977746905,31.948880022517574,28.37183179935085,24.049661078620506,27.42422176971048,26.11046832692345,港区一小,钦州,108.5989,21.7431,N
2505A,,39.038535337942434,36.889824367963314,40.47698648137094,38.19162615644096,30.335006999783477,27.97893215074612,29.021505383276676,25.053563798705667,德智高中(对照点),贵港,109.568,23.1478,Y
2506A,,43.266098779687084,36.02635623183466,44.10896287354005,42.73431334871834,35.90176682514593,30.089149220801122,32.28930061271535,28.354354539519065,江南子站,贵港,109.6047,23.0666,N
2507A,,43.57289458392229,39.17860914521503,43.9901593415137,40.71390777477798,34.497857359419775,29.76900871518072,32.03877154980985,29.29726393571196,贵城子站,贵港,109.6014,23.0948,N
2508A,,40.33129419920783,38.304916243792384,38.08214278861965,35.91840425294242,33.258051621522334,26.50146180860635,26.652051606262038,26.195433600840516,荷城子站,贵港,109.5669,23.1065,N
2509A,,36.37526009081053,27.189320089260256,35.340852193659245,32.709470981762905,29.544545996966246,26.006817220582672,27.29554812457785,23.880306579247378,寒山水库(对照点),玉林,110.1106,22.7019,Y
2510A,,39.29665622290927,34.503336671330345,40.28664573413278,38.46410195295937,33.79929816883983,28.295503760944936,30.19550565816284,26.399988113733354,市监测站,玉林,110.1675,22.6411,N
2511A,,41.4311119233237,33.84664999511648,40.31592239854957,37.33066421953851,35.49695615725636,28.779595101137012,30.478569844172565,28.067251213704854,南江一中,玉林,110.1433,22.6164,N
2512A,,43.80101860923434,39.27159095701459,41.77550175959476,34.14378693420227,26.914831943819056,25.815195189261047,26.506310760743677,25.15933947034969,市监测站,百色,106.6103,23.9011,N
2513A,,43.620806148997694,42.612670436050465,43.334205693341985,38.428549346331735,31.380874037900746,29.174993127134886,31.992622447641956,29.522199668928636,市中心血站,百色,106.6538,23.8859,N
2514A,,39.8814404723116,37.2394807570426,44.27643511409785,39.027155350898774,30.11854713581505,26.945208980971984,25.218128570990565,25.160607010523986,环保小区,贺州,111.5264,24.4172,N
2515A,,39.02416542475255,33.636378913122876,41.0874497942622,36.47886843013581,30.530557090733335,27.718399096295258,26.77780830000678,26.271984370169193,政协大楼,贺州,111.5608,24.4078,N
2516A,,33.46980148426877,28.056837465203685,30.687985284171997,27.258016044695076,24.842469045691093,23.996255308061052,25.732536503799544,24.494545995402785,东仁乐园(对照点),河池,108.2011,24.715,Y
2517A,,46.59918646238053,33.63262555613132,33.32273025082121,28.525220980903637,24.996780855857903,23.995081473502545,24.584684942715054,23.050381886300894,市环保站,河池,108.0497,24.6947,N
2518A,,45.50442886717192,35.352830851705114,37.41153614054857,32.75563828742112,29.7360702297188,26.30761073746174,28.17262591193611,25.658703683593888,市疾控中心,河池,108.0983,24.6989,N
2519A,,41.14508143983968,42.22853179051878,48.415021248163725,39.39424947823559,34.498014848833265,30.37202964382986,34.10616507621261,,来宾二中,来宾,109.2328,23.7361,N
2520A,,44.10773805219456,39.07875745669454,48.920498172803406,40.788548928069865,35.64335862407921,30.076105974204783,34.8502477014806,31.34748600232918,来宾技工学校,来宾,109.2203,23.7256,N
2521A,,38.71026674251772,32.17474850532328,31.541746848874634,30.63995697869598,28.877913107214383,26.025614394182206,30.13926672592578,25.007361488978574,市环保局江州分局,崇左,107.3476,22.4136,N
2522A,,38.1453470447353,35.96596554668985,33.46292303712303,32.31929123792023,29.836097783055678,25.169973572281425,30.427439257571518,24.903166539869304,城南新区,崇左,107.3702,22.3707,N
2523A,,17.614244840656138,20.726330063713917,17.377706821631104,26.572029241016963,26.08606985446397,25.257766328661933,24.140573535773093,22.523098828605757,黑石坡(对照点),广元,105.8945,32.4535,Y
2524A,,24.132153287252297,25.098066513013777,23.232277408038723,24.90521945055717,28.36586908452129,24.616806105568994,24.00482229958196,24.365175092005643,老城,广元,105.821,32.4444,N
2525A,,22.169001726258188,26.66385706688187,21.511077016261492,28.8301390734047,31.20566392620348,27.75459399552049,,,南坝,广元,105.8153,32.4246,N
2526A,,22.665249298551913,31.916987045017738,27.654780899210458,26.974180281646444,24.617352091620933,22.097595000413236,21.63424703153968,22.136011390282054,监测站,广元,105.8628,32.4287,N
2527A,,59.961213204839886,51.217527145369786,46.775170392975085,39.975679885910935,32.871905496422016,28.386659291088552,27.99925736256275,29.679936893624802,石溪浩(对照点),遂宁,105.5453,30.5678,Y
2528A,,48.859653674149314,47.40140384736331,40.715942558682315,35.229131106112746,29.537308887494284,29.07215577399612,29.887197252230415,28.767024611423786,市监测站,遂宁,105.5582,30.5232,N
2529A,,44.25208185375332,37.70469025284883,35.93110383982464,32.36525222430278,31.678243135999097,29.778159809350267,31.004663374670333,30.99407286184343,行政中心,遂宁,105.5861,30.5366,N
2530A,,49.30752334878589,46.050659717483185,38.73580916344764,36.44473513121839,33.29788557295188,29.728946088731256,30.565744986347518,30.18116950304688,美宁食品公司,遂宁,105.5918,30.4728,N
2531A,,60.3241159147362,53.74498183079689,48.69513265365843,38.42393665167195,36.40186476787459,32.014791530982635,31.536865252723373,28.970220880727283,市监测站,内江,105.0703,29.61,N
2532A,,60.589242088167715,53.384998133279225,47.290886876120204,36.49406349108244,37.31661954850952,37.416856632028185,37.10891668988362,32.560384737730274,东兴区政府,内江,105.0717,29.5947,N
2533A,,62.74558550595433,55.4914128555874,50.83991278248581,39.0616179854614,34.03205295101082,33.848082357672574,36.51052472993037,32.78395860241268,内江二中,内江,105.0653,29.5817,N
2534A,,58.64392554148057,52.25933675594319,48.15140928480788,36.82079832740169,33.853865657485244,34.19850136096009,35.160336957280336,34.54262033670412,内江日报社,内江,105.0406,29.5822,N
2535A,,52.871927742915155,53.143767192708744,54.25697679334734,45.53221484940297,43.019042012010814,38.16771784976082,41.25773858887399,41.15889467372904,花湖湾(对照点),乐山,103.7723,29.5462,Y
2536A,,54.47256129032389,53.561128973739244,56.5313002395366,45.53005625595074,42.156819971051725,35.85760547066781,37.375859061763094,40.52992739812471,牛耳桥,乐山,103.7627,29.5844,N
2537A,,55.63189537003267,54.86593644295513,56.554212288913554,46.031488097007056,42.0292464902273,35.436466466937546,36.408680887433626,40.118480465184504,市第三水厂,乐山,103.7508,29.6006,N
2538A,,58.88701866826128,52.95564814775348,55.780053506063155,47.44579619140408,42.108326451694396,34.65949843887697,37.36784660369245,39.326837698422466,市监测站,乐山,103.7571,29.5664,N
2539A,,51.73266372112243,52.27242973756843,42.057407651799366,31.13543591147024,29.443180251546117,28.796305855700652,28.101291390669477,26.200883582382502,黑龙滩水库(对照点),眉山,104.0308,30.0478,Y
2540A,,65.46160932883993,62.34316982636608,48.917791137715746,39.045369788018675,36.03541575324883,31.12455122822734,33.622900483890874,35.51923077028912,气象局,眉山,103.8416,30.0874,N
2541A,,64.56189747396714,57.84729501469592,45.15433597519795,,,,,,旭光小区,眉山,103.8495,30.0691,N
2542A,,63.846166879993795,62.285591300241464,54.50040309981682,,,,,,市监测站,眉山,103.8341,30.062,N
2543A,,34.53797540680157,38.76262122587817,35.9369299315703,29.707788076157456,26.892218373152765,26.134944540115924,36.73641990804974,,小平旧居(对照点),广安,106.6308,30.5278,Y
2544A,,49.47931204586003,46.60828686432144,45.24960111550759,41.48492661414122,34.92176585537553,32.139044261942885,37.900445641967956,35.84518429853579,市委,广安,106.6303,30.4576,N
2545A,,48.63267439008511,48.62838115951455,35.47507951538527,46.359913835943836,34.79381770504484,30.98201511441281,31.888754662010527,29.725791265647228,友谊中学,广安,106.6271,30.4663,N
2546A,,44.19209670263425,,,,,,,,人工湖,广安,106.6406,30.4844,Y
2547A,,49.183623585492924,45.772778793415206,29.178124148693676,35.056706481729805,34.27876477238794,35.54144072677806,34.44478505292917,34.537756588522896,广电花园,广安,106.6388,30.4551,N
2548A,,47.95837794610024,50.86139112094527,46.681365693010775,44.00227199452986,44.60242754240591,35.482812766146004,36.15726368194556,29.860943839043333,达州职业技术学院(对照点),达州,107.5277,31.2827,Y
2549A,,60.80292232343241,51.38082559459898,43.82661629588183,41.79588331425294,40.14963027466355,36.35102330827285,33.283173268138654,30.554766872951248,市环境监测站,达州,107.5086,31.2186,N
2550A,,66.536039693912,54.354827219381285,50.2406420653363,42.683325495536806,45.38455570784913,36.54609623637431,34.450929311616385,30.185691982236666,凤凰小区,达州,107.4988,31.2132,N
2551A,,59.942258543401294,58.72395282084623,50.227284344018905,44.693466734889874,45.90049628224267,37.542551221359986,36.41741660678382,31.342903622444513,达县机关宾馆,达州,107.5082,31.1986,N
2552A,,70.87512953388972,59.38982579774551,55.98441255408503,51.93151005591344,52.33798625731246,44.075088357436194,45.80652093045637,32.82852456528582,市政中心,达州,107.4644,31.2124,N
2553A,,37.185816756902405,50.10610400249334,49.34874824312387,48.35081159303512,44.443851219950616,,,,大兴526台(对照点),雅安,103.009,30.0125,Y
2554A,,40.699525919365534,48.448805241792286,54.80048547386005,40.9553855483342,33.432053361508075,29.861394940337675,31.36122618153612,30.63538911468683,建安厂,雅安,103.0475,30.02,N
2555A,,31.90324353148765,39.553358164832794,42.395311817995825,39.5951038464586,28.708858387845808,26.33227671660894,27.625969885199652,29.900956725326743,市政府,雅安,103.0111,29.9833,N
2556A,,34.831480664561155,43.39636915999501,52.981018539369174,39.57424968931595,29.420759177695345,25.296715462160606,25.596167871900107,26.960951921781632,川农大,雅安,102.9905,29.9775,N
2557A,,35.17623812595573,,,,,,,,南龛公园,巴中,106.7583,31.8475,Y
2558A,,35.90724655346692,35.84210259066951,33.18281177712678,30.820952793326867,,,,,市环保局,巴中,106.7389,31.8711,N
2559A,,44.277989438630534,47.252487023084704,38.16340134493013,33.53506198076722,,,,,巴中中学,巴中,106.7594,31.8531,N
2560A,,28.11227244394614,,,,,,,,市六中,巴中,106.7608,31.8456,N
2561A,,31.56719776502469,31.67247324096706,19.88197956209391,44.62966458000387,33.82042328016512,29.273935561033102,27.895389112800462,32.139252987110005,莲花山(对照点),资阳,104.6617,30.1372,Y
2562A,,42.704378801542596,50.46262373356546,36.00520654836191,33.53801865473699,33.23544229584692,29.01184669278808,26.711401944001146,29.89093745352338,资阳中学,资阳,104.6356,30.1506,N
2563A,,42.32540240499501,45.280269842326526,33.04899149051538,33.72189897075166,34.989938131800386,30.9316008960947,28.79432252858139,33.45977728786142,四三一厂,资阳,104.6295,30.1383,N
2564A,,45.638988311235586,51.92293276762063,39.858294902731366,38.83855300065814,39.497658747654036,32.86430527760318,31.25239863180805,37.08408932958147,师范校,资阳,104.6463,30.1146,N
2565A,,39.369811591180124,46.58741708340451,37.9925644265535,33.044198074054414,31.657297195831813,27.933218074405787,27.014848254735984,31.274670026138057,区法院,资阳,104.6296,30.1256,N
2566A,,19.23359385358883,19.370117186267315,8.753700828068439,11.221642590873856,14.365795653222419,15.21360031553141,14.66303200900201,12.370599545140848,州农科所(对照点),阿坝藏族羌族自治州,102.1879,31.914,Y
2567A,,,21.260626841356835,13.390580818723485,15.113667483600661,18.60305072965301,16.702663023015724,17.724739880233628,,州监测站,阿坝藏族羌族自治州,102.224,31.9037,N
2568A,,17.291309579249813,16.443598719433407,8.747812601762588,9.756052605557475,13.293285232620859,14.288300433386521,15.825169441189468,9.719148076260064,马师校,阿坝藏族羌族自治州,102.2502,31.8896,N
2569A,,25.573090955303346,26.29664432033262,,,,,,,将军桥,甘孜州,101.9628,30.0506,N
2570A,,15.690146930346414,17.540914120859682,15.845284458802372,16.80623147996509,12.692868502349462,8.388365191414147,8.667260979287315,10.12822844430916,水桥子,甘孜藏族自治州,101.9603,30.0475,N
2571A,,20.613679077137817,19.815023075841605,19.214152453654986,18.545836242131333,17.33086925966594,20.156608473869984,20.87692209924674,20.09862462281576,青龙寺(对照点),凉山彝族自治州,102.3431,27.8099,Y
2572A,,23.245679164262242,23.093858890712838,20.92314698379031,19.109249046629852,18.074588019458908,20.330135184102815,18.919591775052318,21.474607126216483,邛海宾馆,凉山彝族自治州,102.2721,27.8415,N
2573A,,24.51959071563176,22.909782207174935,21.849839327670324,21.43013557057419,21.181731691213596,21.792520208248728,21.86186379038206,21.396704002622304,西昌市政府,凉山彝族自治州,102.2625,27.898,N
2574A,,27.29720708554385,25.785791500268036,23.62123501151728,21.553505456849926,19.540336567338183,21.838124759946503,20.83138438300283,21.562430124477252,凉山州政府,凉山彝族自治州,102.2685,27.8851,N
2575A,,31.9811969515253,30.19160518382432,27.41010628795035,25.717459014417244,23.106228365308645,23.46707371736835,22.88380044628921,22.295736955405456,长安,凉山彝族自治州,102.237,27.8914,N
2576A,,33.74517751686056,34.18762611850093,38.15503908209489,32.04568093000734,22.390947232246855,22.200784907690803,24.186155758583432,,窑上(对照点),六盘水,104.8,26.5892,Y
2577A,,45.68274297113192,43.48516960521667,42.81471598736039,33.68097098225469,26.528793546623447,20.744811102350507,25.648701834196245,22.514010827249557,黄土坡,六盘水,104.83,26.5917,N
2578A,,43.255304563404614,40.5851325066232,41.091491302995,33.40259847698882,24.1005424303429,26.56695093724183,29.96013186477084,25.38844087037536,水钢,六盘水,104.89,26.5939,N
2579A,,46.668532579926186,37.67175114487046,34.77291733888745,30.67977672929699,20.119192267746843,17.887839839139453,22.81694852492822,21.443985402401974,民中,六盘水,104.8475,26.5894,N
2580A,,39.835161115010685,39.28164753064391,41.30826956865291,34.206438341077714,24.686362659816087,21.5473566636183,22.719144224105133,22.588221493424125,双水,六盘水,104.9544,26.5506,N
2581A,,27.460205997235622,24.667318124686616,23.483411244090348,,,,,,虹机厂子校,安顺,105.9556,26.2611,N
2582A,,31.41615916060419,26.56803327689605,23.225868305229188,,,,,,市一中,安顺,105.9278,26.255,N
2583A,,30.540840585330656,29.636998195969984,25.92691580711558,,,,,,铁路子校,安顺,105.9394,26.2358,N
2584A,,28.29808097028882,27.15021838537079,25.208513174205297,,,,,,龙岩子校,安顺,105.8853,26.2392,N
2585A,,27.70012033652874,24.507184371537786,22.67680722076016,21.31108382981389,31.036740029791645,25.0685173981232,22.497783497863843,16.867204104904335,铜仁卫校,铜仁地区,109.1839,27.7344,N
2586A,,27.99515464244271,27.47280062475722,25.139160692195915,23.646121245287517,31.32573288323086,25.937078776905565,22.920592159508217,17.431430605859518,铜仁七中,铜仁地区,109.1753,27.6944,N
2587A,,30.120168014945616,27.00406104277681,29.32136960901065,32.33663348175412,25.724816464216488,24.061716925055176,26.07208392402921,25.832778378698624,八中,毕节,105.2864,27.3125,N
2588A,,33.343741952822356,30.235824430110164,35.66130309694741,32.59294005670724,26.661273978445532,24.708264415699258,24.87970112799286,24.08390655637491,师专,毕节,105.31,27.2944,N
2589A,,23.19928253979734,22.057238142885367,16.476198946971685,15.751560724463669,19.060779417713345,18.84263740306279,21.531266483746982,17.13960881590002,场坝街,黔西南布依族苗族自治州,104.9022,25.0925,N
2590A,,16.854593257797916,21.435189478689793,16.12895649916845,14.265816026828738,20.841801401226515,18.73476930791339,21.948379361639414,19.761976274324212,坪东大道,黔西南布依族苗族自治州,104.8811,25.0992,N
2591A,,33.015458546553255,32.97860468804143,34.15362086526273,29.966216517258847,26.922836020194644,26.02617438923343,24.9455661862769,22.150483163362622,市环境监测站,黔东南苗族侗族自治州,107.9783,26.5747,N
2592A,,,,,,,,,,马坡井小学,黔东南州,,,N
2593A,,23.08497854905981,29.590155789141168,25.796685956202218,22.742092259621337,19.26387965962479,18.880450920153937,19.511348564255393,17.380369000418973,小围寨,黔南布依族苗族自治州,107.5228,26.2403,N
2594A,,31.628882693253296,17.608026155652745,23.1089179978642,22.18932756651181,20.097581412865903,19.195033136098797,26.539594515868686,11.422795530367821,市环境监测站,保山,99.1678,25.1081,N
2595A,,41.89247001983466,23.704388582490168,26.102952878828567,21.97905208047086,20.735260461860364,18.376672342721076,20.51411957471536,13.735078249812215,市环保局,保山,99.1711,25.1328,N
2596A,,37.60310251436072,36.831853412066856,33.15438665628687,21.49920748211362,20.826960640935795,20.382843161302237,24.09210742207582,22.166031086857327,监测站,昭通,103.7667,27.3736,N
2597A,,30.35328378439637,26.49099618217292,30.086282746500075,20.34765054683928,17.74868798955918,19.702569501363932,24.284130813476594,23.042628599410566,环保局,昭通,103.7225,27.3361,N
2598A,,16.56500714194068,18.338961872424203,17.175377998059957,18.02221351870859,10.125244279243962,10.299204181715062,11.535974906394523,,西南郊(对照点),丽江,100.2143,26.8576,Y
2599A,,17.58727001837949,16.260917972279127,15.424374493384775,18.003458054014402,13.71780955268887,14.811997301126285,16.593118026298942,18.976327371041553,丽江古城,丽江,100.2497,26.8802,N
2600A,,14.014034834582036,15.028459250877077,12.09642251409676,13.469108124563633,9.701816178694738,11.001136630825021,8.421655122354107,9.73822005512938,市中心,丽江,100.2203,26.8906,N
2601A,,22.69552914551987,24.409379173390597,28.329542279408038,19.18470413407852,25.866510130503716,25.26633205133038,25.864011901559657,14.951151211047303,市环保局,普洱,100.98,22.7633,N
2602A,,26.534828523834722,23.79800923840635,29.885163877306084,18.417691300590413,21.720135662904205,18.761078215588014,17.205855676623965,12.71444880805067,普洱第二中学,普洱,100.9817,22.8322,N
2603A,,36.15171724543425,33.49769672877334,32.35232277777609,23.474519563688045,25.88605221742269,25.34022215653476,28.75735325511316,23.06188574180418,市环保局,临沧,100.0781,23.8982,N
2604A,,21.77586549525965,21.974488214670053,17.178922333600774,31.246316247333368,36.89509689600066,26.163348452356615,27.606487776172823,25.98309203237284,市气象局,临沧,100.0894,23.8822,N
2605A,,20.57232787163593,22.223428538354568,20.71436322072791,22.44628379116389,21.033335878469355,17.693193809837922,20.622705560410136,18.325635974102415,州环境监测站,楚雄州,101.5482,25.0441,N
2606A,,23.760405097386034,22.368595420009594,24.70252295934901,26.1710879695735,20.625135602664727,17.90045261236001,19.99562960993096,18.01325859467618,市经济开发区,楚雄州,101.538,25.0492,N
2607A,,32.59003191158494,43.747987508725785,,,,,,,雨过铺,红河州,103.3113,23.4626,N
2608A,,35.08147274094922,38.372154802428646,33.4841837596551,24.611040323826497,25.941957768054344,26.211825030945143,26.732468062052035,22.877840045581205,污水处理厂,红河州,103.3772,23.3993,N
2609A,,37.77199734290288,48.35749896322076,33.40629426782077,25.191502482436224,25.86582709321077,25.522871280112327,27.03462339866439,23.865347108475028,监测站,红河州,103.3861,23.35,N
2610A,,50.660165580100404,35.06486867028694,23.968029628731575,27.358401943700734,25.90650885782965,24.000138048538048,23.180686183099432,21.094417332169417,州水务局,文山州,104.2533,23.3594,N
2611A,,23.727969548347314,25.741651467870508,22.2433413066923,24.430425626103744,25.813685436309846,22.706398455976974,23.07206143906708,23.247672717331135,市便民服务中心,文山州,104.2319,23.3892,N
2612A,,19.459266608375767,23.90971506690901,31.896541330685917,31.656205130807937,40.93400861265497,36.3356659080256,27.17100907199223,22.826045971042877,景洪市江南,西双版纳州,100.7939,22.0019,N
2613A,,40.30804058284319,30.312132736057347,19.184316809817354,18.23219806786012,22.926364579971278,23.276565455639222,16.933578681963585,11.057219491627158,景洪市江北,西双版纳州,100.8017,22.0225,N
2614A,,28.21151775374434,23.701564451125435,23.63446643039078,18.96814799865034,17.565235619136583,16.70268016143523,19.734538331074702,15.214073300329595,大理市环境监测站,大理州,100.1542,25.7054,N
2615A,,28.208490480227685,19.89878440745197,23.25372113440758,13.83930779985655,15.997692452659782,14.448482852591077,13.967281438027763,9.323993183363076,大理古城,大理州,100.2171,25.5811,N
2616A,,26.394422367506305,31.53772883590072,26.653025147813057,34.175173423707626,19.123558664410414,17.945353606462014,25.077914066832374,20.838027965061098,德宏州监测站,德宏州,98.5842,24.428,N
2617A,,34.457519480080705,33.41484836518737,33.46912547749296,35.351300165854944,27.910996079349164,,,,芒市建设局(停运200103),德宏州,98.578,24.441,Y
2618A,,21.393917603359906,20.87603172282454,19.39733770310552,26.193093452241595,24.360448833368668,22.941144950477064,25.94435058457439,20.694757459287228,州监测站,怒江州,98.8601,25.8567,N
2619A,,21.944194210255283,20.879976024516367,21.020856908092426,23.29778202530315,25.418169774803122,21.239954370423842,23.22799952879249,18.95406568790389,泸水一中,怒江州,98.8546,25.8417,N
2620A,,17.386991244909787,14.541445730633864,10.565551413781215,,,,,,古城（20180930停运）,迪庆州,99.7064,27.8136,N
2621A,,15.815630958917211,16.223592111561143,11.569795836841038,11.281525734429723,11.323883562429604,13.12928872765044,15.221113977093928,14.379927718573065,迪庆州站,迪庆州,99.7056,27.8317,N
2622A,,22.440856885227113,22.495591181848457,18.50540600409036,18.275304569970743,12.624300690488287,13.06828217274868,11.074310504618209,10.212894867797226,昌都监测站,昌都,97.1806,31.1273,N
2623A,,,27.58126610448395,22.197144472620845,16.858727857878296,11.560909285905089,,,,昌都地区昌都坝(停运200514),昌都,97.1809,31.1254,Y
2624A,,13.881894768675684,14.758629636465843,11.209656412669567,8.695813738779531,8.693306231801772,7.840834727671908,8.764789557229266,8.203668626613787,山南监测站,山南,91.7608,29.2313,N
2625A,,23.89964574887034,20.612589202734483,11.555799961499426,11.754827452366237,10.88210498016954,9.862649824079892,10.27405229591564,9.152900865305332,山南人民医院,山南,91.7706,29.2436,N
2626A,,24.390880460154715,28.821535118221753,18.80282010991971,17.871519800796108,11.85650993553717,9.529600057437394,10.831874383444282,9.950236231120106,日喀则监测站,日喀则,88.8876,29.2718,N
2627A,,25.350721856462112,28.714426073684706,11.436939487253758,12.861313664078788,10.535342279467915,,,,日喀则鸿达公司,日喀则,88.8931,29.2365,Y
2628A,,60.977844691349674,,43.76862978371382,38.19855363113908,23.938285930237928,22.374959497616665,25.76836658446186,20.913811392439023,那曲监测站,那曲地区,92.0657,31.4846,N
2629A,,49.2133387025689,,,,,,,,那曲嘉兴医院,那曲,92.0505,31.4733,N
2630A,,16.156561515661842,17.84849360640295,13.232553734384044,13.948356640156453,7.11713529761312,5.795536279134744,6.715202396553739,6.0931644950354364,阿里监测站,阿里地区,80.1161,32.5,N
2631A,,21.043711887737423,22.91827393101478,,,,,,,阿里地委(20181130停用),阿里地区,80.0895,32.5039,Y
2632A,,10.814324176776248,11.693080335041701,11.772677546776972,8.190801074976312,8.356998703385049,8.816876576423986,10.217587362067588,6.01917272007602,林芝监测站,林芝,94.3681,29.6376,N
2633A,,10.31628831659038,11.29551652915628,10.391545402025391,9.462692934770752,6.588719276118606,6.008773579705509,6.606286387290892,6.081256969175307,林芝人民医院,林芝,94.3616,29.6616,N
2634A,,45.885134614233635,42.98190539259182,41.55316854921195,36.78400649031348,37.75549246961067,30.203831695236556,28.43455219933153,27.45579913674272,汉川机床厂子校(对照点),汉中,106.9893,33.1842,Y
2635A,,55.67149154529975,54.67331532265436,52.22529007175776,47.813733628095974,46.66096806817727,39.45818903753667,37.734465874566396,35.96094592989894,市监测站,汉中,107.0154,33.0706,N
2636A,,58.316619164155505,56.564266076023486,54.09031100819081,48.11703441499483,46.06952132985461,37.487418101572004,36.93938071791625,34.448596110114984,鑫源开发区,汉中,107.0089,33.1138,N
2637A,,55.68557731905874,50.66861723356505,54.367550223749845,48.15591029724066,48.6883208166441,43.5469344366301,40.4682330401802,37.3420530421774,南郑大河坎水厂,汉中,107.007,33.0323,N
2638A,,41.93577923292669,30.835811730197356,35.88487164472214,34.19210988201362,29.052159839160105,29.313943958984815,31.283427056215135,26.691042633727985,红石峡森林公园(对照点),榆林,109.7414,38.3344,Y
2639A,,39.64839388622572,37.16473738368196,37.59655426923737,38.72185345003054,38.87125825971779,34.86966456203573,33.52361147642514,27.721278921987896,世纪广场,榆林,109.7456,38.2911,N
2640A,,38.68419868125131,35.84165045119416,34.73495001247775,35.805534942493765,36.11560704256531,33.34628913910728,32.78278368275508,26.671950046801136,实验中学,榆林,109.7289,38.2839,N
2641A,,36.62846011153365,32.16512319465583,33.30905021303721,34.17682078234042,32.59612621965363,32.293998898175346,32.67707831049672,25.97236063393379,环保监测大楼,榆林,109.7336,38.2478,N
2642A,,40.94164357936772,39.12432121105873,33.476977887343125,33.00817949497561,34.932664846752836,27.60903861704306,26.39705943710316,28.53424957156932,香溪洞(对照点),安康,109.0318,32.6537,Y
2643A,,60.10431351485882,53.20969070217415,44.63562513548343,39.87266466345917,40.57111256110654,31.85775988327152,30.5172424995713,32.10605859002846,安康市监测站,安康,109.0281,32.6939,N
2644A,,48.134151272136386,42.510692883631904,38.82511177350886,35.368226794094305,37.82736214426031,31.75069073243851,28.97542853940643,30.834248435025593,汉滨区检察院,安康,109.0072,32.6975,N
2645A,,42.54283418117717,38.93774007860342,36.356397587662975,36.03316430309228,33.39928990490216,30.17121693706818,25.828132681544982,28.45165074895014,监测站,商洛,109.9154,33.8715,N
2646A,,44.21315218787508,37.65637663561189,,,,,,,东龙山气象局,商洛,109.966,33.8509,N
2647A,,47.28620768767314,43.37860453353893,41.660928240195595,42.569229929054586,34.004798885045204,30.450289579783085,34.1633962116557,30.46124286341678,第三小学,白银,104.1724,36.5446,N
2648A,,37.90777392880901,35.62357584836096,33.43439384212182,33.090423699648724,29.149212864268954,27.2327478966733,29.588798042271602,28.96525893176013,动力公司,白银,104.1465,36.5482,N
2649A,,24.1164971912459,29.961997758797338,25.50734536266875,27.19492671917078,18.560099953537186,16.25251686158289,12.607751689456268,,麦积山(对照点),天水,106.0055,34.343,Y
2650A,,36.990157321426594,38.81435991901292,39.278983132688545,38.62097498429711,28.781956434212606,25.36897169965254,23.575437890433857,27.946106285257013,公园小学,天水,105.7205,34.5786,N
2651A,,43.13783372475924,45.74560841231737,42.400919253422394,42.45335706446331,34.41425500439207,29.529183169703533,28.05677882988452,31.210709545075687,麦积国土局,天水,105.8945,34.5538,N
2652A,,39.545040804477544,35.91007426648375,40.962457674487716,41.78918863233474,32.79109309155878,35.747171352789195,37.537409440927746,36.2719656908108,监测站,武威,102.6201,37.9251,N
2653A,,43.843448397466446,41.819830298727936,46.73962810605274,43.85765202861102,,,,,雷台(190211停运),武威,102.6469,37.9358,Y
2654A,,39.896419767039724,35.829537515689,25.478157314192437,35.215174059021194,30.74186729488614,35.57199831806402,34.32870484275213,32.10467485950523,润泉湖,张掖,100.4698,38.9524,N
2655A,,44.38393989662514,39.25935587420926,33.09950953255099,38.609408871982154,34.02482417620607,39.05708696524858,39.854517892962185,36.08228773393751,区工会,张掖,100.4154,38.9422,N
2656A,,47.24637459022857,36.53878800236212,29.071947047209534,32.74247430976141,21.99877174047912,21.56450284288183,19.016919606070257,27.9467496397757,聚贤嘉苑,平凉,106.6692,35.5461,N
2657A,,50.51751968314734,47.19367562708508,35.00377573977184,40.45241823114011,27.9221030812979,21.970327318592247,19.953979516556476,30.26497702751272,博物馆,平凉,106.7021,35.5307,N
2658A,,46.22627993633422,44.86769299283487,34.81815336836278,34.39931507877778,27.360292753721655,29.245528998070252,31.478428886883624,30.228351461328106,仓门街子站,酒泉,98.5061,39.7443,N
2659A,,47.5822051397676,40.68501891598963,34.05936816236374,32.34790804029815,28.42189226174486,31.196230627424587,32.95205640759237,32.448349324887815,油田生活基地,酒泉,98.4989,39.7256,N
2660A,,34.06815918328067,30.755206077919425,33.61245174077251,31.477203186984383,32.162233729969756,32.322518794327515,,,区环保局(对照点),庆阳,107.6831,35.7289,Y
2661A,,42.62004586551597,43.507879646816015,43.396279269724744,37.01242367077386,32.301477709791975,29.76765786323198,27.267564888447577,31.77489733210469,庆阳五中,庆阳,107.6325,35.7357,N
2662A,,32.05056517855493,28.68817423987968,33.6572252340482,31.860769683266586,30.612246080271092,28.226184072064513,25.764254172839312,29.82015992037072,市环保局,庆阳,107.6364,35.7067,N
2663A,,43.940598251669655,36.36423947824118,39.9461181737532,40.42472499750018,27.64611170994795,26.084082127235042,25.526288427733505,29.213682923753723,东关小学,定西,104.6241,35.5734,N
2664A,,38.953902378948946,35.895182532925794,39.06447248499443,40.993464314951034,27.347191525665163,24.898898985153426,25.295526220969187,29.96811756444769,供电公司,定西,104.6194,35.5934,N
2665A,,29.592826943808095,26.166062103673465,27.247720082791428,26.280589374722453,18.755087128964906,14.594511920459205,13.979773071871573,,汉王镇固水子(对照点),陇南,105.0822,33.3261,Y
2666A,,,,,,,,,,市林业局,陇南,,,N
2667A,,47.44370856714079,42.79021297470386,51.3011050364856,47.597816961893415,32.10184464355271,30.88080241599075,30.904218971479946,29.294315267397053,环保局,临夏回族自治州,103.2069,35.5993,N
2668A,,49.88140261418173,38.35785084974646,43.12341622614267,42.62022532243461,29.580306907757087,27.130901416223505,29.553611035407677,29.48745304293865,建设大厦,临夏回族自治州,103.2417,35.6057,N
2669A,,36.63194492518594,38.2473031778449,36.255837336297944,30.606453129417776,22.654856663214733,19.617220166872226,18.794063389806134,24.10874801738646,州政府,甘南州,102.9099,34.9841,N
2670A,,57.316955475581295,45.857778839658046,,,,,,,平安县,海东地区,102.1086,36.4997,N
2671A,,39.842424143937606,31.754289895133976,28.10409643423127,25.155481687668317,19.33203694658024,19.177962802789335,22.854654937693095,20.018290065429994,海晏县西海镇,海北藏族自治州,100.9048,36.9639,N
2672A,,52.390314332316585,44.87556260026747,33.321338109705756,29.348759292587854,22.60039405343993,21.784372330869203,24.23807482276825,24.743364887909816,同仁县隆务镇,黄南藏族自治州,102.0199,35.5102,N
2673A,,43.112826913510396,30.7921471865376,26.715259538159362,24.70297299868387,20.42849944359536,19.047049550455483,20.46872854740924,19.589443715596175,共和县恰卜恰镇,海南藏族自治州,100.6188,36.2866,N
2674A,,42.90961936695005,37.46545293488866,27.227015479104615,21.429216384689255,19.305387579730827,15.813013129287079,18.17488542288979,15.94556471647693,玛沁县大武镇,果洛藏族自治州,100.2561,34.4714,N
2675A,,19.644119962144764,17.148340014316982,19.34868887765914,15.915660195633336,9.889517855799323,8.311421707991101,9.250394846162413,7.218093842312265,玉树县结古镇,玉树藏族自治州,97.0,33.0014,N
2676A,,38.691292686406925,26.936522963216397,24.349163818591514,22.7004156239275,16.001577528772668,13.620826108816047,15.67515988447344,15.822610703338638,德令哈市,海西蒙古族藏族自治州,97.3731,37.3753,N
2677A,,53.00546005233878,54.17935336483858,46.512601623356204,41.20198455635525,34.291899095564176,38.17091028265357,39.33500571560832,37.697193721138426,教育园区,吴忠,106.1532,37.9648,N
2678A,,48.106341890315456,45.78058108428617,44.80131153641978,41.222687943717986,32.30291564419139,35.16244313682027,,,高级中学,吴忠,106.2025,37.9844,N
2679A,,44.56913834756458,50.289180111907186,39.972453700078624,34.93570491960133,30.407593889875226,34.68773945091876,36.57458726101377,36.39759541962293,新区二泵站,吴忠,106.1856,37.9956,N
2680A,,,,33.24187101365862,34.02548971627633,30.123508848225836,31.40698495531308,34.419717482423685,33.011743104597215,沙坡头消防站(对照点),中卫,105.0025,37.4635,Y
2681A,,50.98276998292496,45.99381753005305,40.10853531665692,43.18059080511779,34.61987216683807,36.5720806899835,,,官桥站,中卫,105.18,37.0172,N
2682A,,46.195586154020525,44.23856595298803,39.24342110544369,37.296163086497884,33.05725559123926,34.705876014109684,38.036174785813145,34.58565610222122,环保局站,中卫,105.1971,37.5002,N
2683A,,39.00067545476746,36.100753535747025,32.5897415467123,37.8886969954073,27.134068197631397,26.608773050364267,28.725763490178576,28.282701536066707,马园(对照点),固原,106.2319,36.1417,Y
2684A,,40.23079118304492,35.39521864999637,37.01575865047295,35.604576294256944,27.43889904173999,26.272381685214423,26.409069605420214,28.078739605935404,监测站,固原,106.2792,36.0022,N
2685A,,35.575238354082366,31.5669973279988,32.232616228370084,31.802850082988492,24.858351273938805,23.704163075300862,24.588072549608494,25.72357803972534,新区,固原,106.2375,36.0211,N
2686A,,61.474774517957094,66.26403231859972,62.33670275389663,,54.95964602332345,48.77198077237189,47.358303532688296,44.69858755020511,市环保局,吐鲁番地区,89.1904,42.9418,N
2687A,,72.79755913525544,73.17498301856224,74.89672363235097,55.67066879515877,58.98106185330777,52.463865307637136,50.73156881737355,51.76224966974194,地区环保局,吐鲁番地区,89.1673,42.9559,N
2688A,,38.800940847450555,36.4123502721823,33.6777631549417,25.5243436234713,29.76003731173035,29.33111863311224,27.708098208879168,26.134188943389255,地区监测站,哈密地区,93.5128,42.8172,N
2689A,,38.117300094782486,35.168913195116986,30.84648285677785,29.414278904468894,30.035958998087242,29.660521236333796,28.34686494670819,27.050104043711578,哈密师范学校,哈密地区,93.4961,42.8328,N
2690A,,29.83717972233171,11.494218994558823,13.758091546767206,,10.567405377131715,12.24433437859496,10.628451275769187,10.234052827558255,天山天池(对照点),昌吉州,88.1236,43.8886,Y
2691A,,42.42471398455233,48.2475554300447,74.63613413240363,66.89459968101822,69.29116056878325,61.76272209297534,,,州监测站,昌吉州,87.2997,44.0114,N
2692A,,48.94228175048864,62.54851041251464,62.06299458307178,56.76461137735378,47.62455725909392,42.871358477092514,49.759749500526716,49.168937131617035,新区政务中心,昌吉州,87.2717,44.0297,N
2693A,,24.399890402397133,24.142981374959657,25.427926003215898,21.61123494471776,21.00597078651168,20.458919907379777,21.241562272727435,26.696110084790185,市党校,博尔塔拉蒙古自治州,82.0485,44.8556,N
2694A,,34.57375820346846,33.40609971857006,36.17572636504027,30.86334991764737,24.464572175566158,23.503528048405542,22.981984342535448,25.33954711644728,市环保局,博尔塔拉蒙古自治州,82.0806,44.8969,N
2695A,,83.56696770900085,85.5071234264873,68.48691715795678,72.06739280463752,55.34060285436875,60.00981735314144,50.7561779829992,56.248642195675465,电视台,阿克苏地区,80.292,41.1694,N
2696A,,74.9082116911591,95.11799968235596,71.73683717939227,77.93297228755569,55.04493310494574,61.29739167744944,50.75290489613843,56.227317617904426,艺术中心,阿克苏地区,80.2613,41.1551,N
2697A,,54.903203579940815,75.68915251585146,43.97477339093229,59.901904382231436,52.96336143598826,57.780628686651255,47.03018072866574,59.825975769302396,市人民政府,克孜勒苏柯尔克孜自治州,76.1454,39.7142,N
2698A,,110.45570094615266,133.7756258366484,95.95219392727243,80.6946204387918,88.37918657241188,79.77700207003078,75.64530857472117,70.97438623985487,巡警大队,喀什地区,76.0072,39.4467,N
2699A,,114.57127472815924,194.05499309346854,,,78.1477135962579,81.67194243898473,84.04429061030002,82.83025176021009,吾办,喀什地区,75.9755,39.4694,N
2700A,,130.72670546625142,148.3390074545502,104.45611347917819,113.13979679003192,92.2151086504019,91.94949855762698,90.7887487266997,74.7651506227972,市环境监测站,喀什地区,75.9538,39.4682,N
2701A,,99.97223085225903,100.91791187350745,81.06531118506784,103.6503212914726,118.00261348993821,,,,地区站(停运200629),和田地区,79.9485,37.1152,Y
2702A,,95.20164644866954,117.06685029708933,106.52606599880225,130.35618367894122,104.11122552069905,,,,古江巴格乡院内(停运200629),和田地区,79.9117,37.1013,Y
2703A,,39.71338478449437,39.94234542173323,53.976350485927334,45.99529048630594,43.806626629905324,47.630666268463955,37.363098700932724,37.11402808807592,市环保局,伊犁哈萨克州,81.2815,43.9404,N
2704A,,39.989251244345716,41.49423923271995,47.94054523866113,49.971442490715155,42.141092637758305,42.52625269765895,34.03092722933698,34.52348214038513,新政府片区,伊犁哈萨克州,81.2996,43.9174,N
2705A,,44.63543287754368,45.17106876486118,52.96079279268498,50.096412919136,42.810504880257916,42.60541428325311,36.64583769284179,38.59904092024815,第二水厂,伊犁哈萨克州,81.3364,43.941,N
2706A,,21.836083520471607,18.57990750520195,16.43266796009869,12.208891843291727,10.090627623707555,12.319967540293277,12.52667780151971,13.946592296587614,东门外小游园,塔城地区,82.9994,46.7432,N
2707A,,10.280432045895697,7.887418057650254,8.269883166976781,9.982194360542673,10.303891843172028,,,,小东沟(对照点),阿勒泰地区,88.1214,47.9047,Y
2708A,,13.843662538293332,13.887112559041594,14.550796662076058,9.00637419148079,8.906769499324586,9.87898616057002,9.928387368723564,8.887246036556146,市站,阿勒泰地区,88.1264,47.8517,N
2709A,,44.32266599334509,43.78230397471706,58.387326930451636,61.35935339180138,63.46351592817276,55.30793700798016,53.5034830067434,56.89739808297827,艾青诗歌馆,石河子,86.0497,44.2967,N
2710A,,56.15142356530152,61.73334782386194,65.74979472997452,61.73815785177202,65.91097513738524,57.01598671998151,55.82014485947347,63.438166042188314,阳光学校,石河子,86.0697,44.3075,N
2711A,,58.50591707919598,75.9258222086854,75.88197570460916,68.17417136555753,64.44513662039651,62.295864128922766,60.95471463300435,61.34078034424943,农水大厦,五家渠,87.5475,44.1756,N
2835A,,28.88667709430222,30.83371926909776,28.7573986971071,29.794708809643964,29.58475503297192,28.053449136595855,29.322424147489933,27.122038900638724,四十中小,攀枝花,101.7227,26.567,N
2842A,,24.187510886936938,28.89650020849093,25.638446760034512,24.10756085682681,26.68015277809562,20.067070350527434,21.750599093624178,18.61220937120985,湖里中学,厦门,118.0936,24.5058,N
2845A,,,58.663525397726964,55.6492444922721,49.22287977972024,43.73028977240296,40.6186416112044,36.79511527623685,34.36325559680033,德盛苑,长治,113.1569,36.1911,N
2846A,,,36.45246286612206,36.4643998734356,34.06615504372197,28.566598542567327,21.735091021700295,24.550049690856817,22.428412816675802,体育西,广州,113.3221,23.1322,N
2858A,,,,61.49215465568941,50.88051953771286,49.78131891859839,46.71173434470087,41.40254644685532,38.302562052688835,河西一经路,天津,117.7918,39.2474,N
2859A,,,,61.39097236574326,54.4630325991977,52.866560361217935,49.12451161934319,42.5932857352603,38.812921076311824,津沽路,天津,117.3747,38.9846,N
2860A,,,,56.99031198034088,52.71817339612396,51.065810994405496,49.11864343711214,38.75475282506576,36.16876061179964,宾水西道,天津,117.1589,39.0845,N
2862A,,,,72.06011136326856,74.58927771186461,64.1329160066321,58.509621433850924,48.64754141978856,46.1032558483369,22中南校区,石家庄,114.5481,38.0378,N
2865A,,,,59.72376027609338,54.275586742874474,45.080502757794854,40.93383147673897,38.463365808163175,48.37527849508572,榆次三中,晋中,112.7195,37.6828,N
2866A,,,,68.67695628477054,62.77549665543441,61.79205695121166,,,,外滩首府,运城,111.0522,35.0439,N
2867A,,,,49.14214776620856,50.72030727390545,40.33532756008012,34.05347641638462,32.69544695059671,25.65120788285988,马茂庄小学,吕梁,111.1283,37.51,N
2868A,,,,52.34367268593868,42.595017127825066,44.2623622504473,46.42647017419322,35.31795134444405,31.622563251829348,九站,吉林,126.4739,43.953,N
2869A,,,,52.27664832349864,49.63720761881182,43.59253140257031,35.89998498186346,32.68979597900397,31.660265698482004,五台山医院,扬州,119.447,32.4155,N
2870A,,,,57.58321872859896,52.35641763189571,46.717892309122384,38.55512195777668,36.62744995439694,34.366876964864815,市疾控中心,镇江,119.4424,32.1873,N
2871A,,,,35.29187065467744,31.627402267865428,28.7200585288948,25.50086446205306,23.115288910397368,23.98448530365101,万里国际学校,宁波,121.6147,29.9017,N
2872A,,,,42.03685429714548,39.535475617474006,37.933583949168046,28.510211995724713,27.123945208634154,26.47240135085788,南湖区残联,嘉兴,120.7846,30.7525,N
2873A,,,,40.75560065792377,37.287543142864656,33.8116129441375,25.505936627821672,23.809382536301708,28.284209860953094,仁皇山新区,湖州,120.0875,30.8955,N
2874A,,,,54.90254795552061,57.74008413846051,51.15112283079449,,,,益益乳业工业园(停运200626),淮南,117.0412,32.646,Y
2875A,,,,66.9398558147913,55.66801570407651,51.87655865355701,46.274106621013296,42.40590759469901,39.73309859680076,阜阳职业技术学院,阜阳,115.784,32.8892,N
2876A,,,,62.07100719040717,,,,,,幼特教师范,潍坊,119.0841,36.7339,N
2877A,,,,51.45821067621616,52.474843436157606,55.75197663155759,49.88761985544752,40.89668566573629,34.626229196457736,坊子邮政,潍坊,119.1641,36.6523,N
2878A,,,,68.99712136199369,64.5259470679553,60.46593079536593,56.00287002913715,49.584209230178615,46.05831300977752,聊大东校,聊城,116.0072,36.4343,N
2880A,,,,48.934721693498,50.52805682023101,40.8716385351968,40.988531999462786,42.89793523326522,41.524833747100146,大石西路,成都,104.0219,30.6558,N
2881A,,,,27.120682474734178,26.18223960776962,24.555444467318463,22.124667257797107,21.62620809345088,19.812099696066163,凯里学院,黔东南苗族侗族自治州,107.8908,26.5311,N
2882A,,,,28.235618933601067,30.329126933004513,25.125811313001403,22.432225381266587,22.248117694448304,19.202274634520336,玉溪一中,玉溪,102.5389,24.3703,N
2883A,,,,22.433352939473142,23.80424793666046,24.048962922265744,20.50929010644166,21.832885303146792,18.74418262406489,文体中心,玉溪,102.5381,24.3389,N
2884A,,,,21.552582437605736,27.34514342815884,27.072187083955942,30.2831615724398,32.87241402007702,31.074250977781002,酒钢宾馆,嘉峪关,98.2672,39.7978,N
2885A,,,,28.340609765281457,32.05622743489255,19.160968102839902,17.88588907552984,17.657509991211356,21.584685652232377,滨江中学,陇南,104.9339,33.3826,N
2897A,,,,50.18906993802081,44.87986621728277,47.131503742888185,47.27082169281077,42.33033757504123,35.28217918348233,沈辽西路,沈阳,123.2444,41.7347,N
2900A,,,,41.633446276240335,34.880194871564555,37.5004723874051,36.52748433579051,32.907204582994765,28.200517181957196,裕农路,沈阳,123.5953,41.9086,N
2902A,,,,33.939432085577245,37.057314177747934,30.953032461559204,30.456285298271805,33.646754025849475,36.459181857841415,北辰小学,广安,106.6351,30.4865,N
2907A,,,,42.706401428447045,37.554485044769,33.17231996919841,26.918633377857166,25.766706662982354,29.977941255040527,吴兴区站,湖州,120.1844,30.8596,N
2914A,,,,26.69658045574528,27.623828080895176,25.193617003196877,22.89051321281608,23.282268802566975,23.08058546674107,苏山坪(对照点),巴中,106.7677,31.8794,Y
2915A,,,,24.37133145468176,29.80997881229911,36.321685584647305,30.962578403297034,,,职业中学,巴中,106.7619,31.84139,N
2916A,,,,60.42295698083035,42.796676455855376,,,,,老干部局(停运190815),池州,117.49,30.66,Y
2919A,,,,50.95053328043757,47.722946891799914,43.901598721883744,41.22362386989624,36.84556512972314,34.842758634955615,河北工业大学,廊坊,116.7022,39.5453,N
2920A,,,,37.543222621749244,33.38296794749746,29.155188174312787,20.349726493424484,23.395684002218147,20.996352754788685,蓝田镇,漳州,117.7116,24.506,N
2921A,,,,44.15417146119918,41.48900901828341,38.719634507992126,28.93291325875711,28.686535773126636,30.08018026212186,树下王站,绍兴,120.5483,30.0003,N
2922A,,,,51.92470075627135,52.61484037403884,54.51442988501199,50.273013714767295,38.596428978273636,35.97226757782859,大理道,天津,117.1941,39.1067,N
2923A,,,,36.91970528089815,41.70868876448346,34.16668737079945,,,,供排水公司(停运200102),大同,113.2803,40.1114,Y
2924A,,,,41.98887508268659,34.323438007411085,29.672936508801776,31.810853951342928,30.254939231446976,29.171788848486052,水乡路,银川,106.2266,38.4418,N
2925A,,,,49.529153088187996,42.63539481537864,32.30658092622034,34.1986467624876,30.567989391334898,34.737610088297565,上海东路,银川,106.2757,38.4842,N
2926A,,,,53.86671586259093,49.70866608311346,37.96336571772959,45.88284823105605,38.090710478963096,35.78238270104457,文昌北街,银川,106.1015,38.497,N
2929A,,,,44.817873690674205,40.36336344691447,42.364957550622776,35.08514240427864,31.709488775365237,33.240297148752,红卫路,黄冈,114.8858,30.4519,N
2994A,,,,40.461953219543496,33.53187788572629,31.549197086615486,25.449248966494366,,,武警支队(启用161031),金华,119.6533,29.1128,N
2996A,,,,55.847484316500605,54.82977702170309,46.18633275160883,45.114435835116126,41.02456164079367,37.090850104218106,市供电局,宿迁,118.283,33.965,N
2997A,,,,49.24937132299796,47.38121430781402,44.68569378937345,36.47676903443168,33.276028107658014,30.906709478108834,王营,泰州,119.8767,32.3289,N
3000A,,,,43.741693565494025,42.61184845701256,39.81783119194924,37.803934813134205,33.53118442162248,29.296519070592286,德源药业,连云港,119.3581,34.6972,N
3002A,,,,44.292974042345,50.47629438936659,47.664512044287065,41.03824464149439,37.478586524334624,33.698142005087504,行政中心,常州,119.9805,31.8174,N
3003A,,,,49.8163214126986,57.976087215274816,50.28483305737547,43.6399876636626,39.678395816324205,31.283790491371832,经开区,常州,120.0522,31.7748,N
3004A,,,,43.21508799171104,42.743366091618334,37.32708551634112,30.57175282044415,27.661438526627627,25.44104120706401,宝龙广场,盐城,120.1544,33.3663,N
3005A,,,,64.14679940363668,66.24922877135286,53.858104322578,48.13352057149907,41.69273943483741,36.926596957332805,鼓楼区政府,徐州,117.1814,34.29,N
3006A,,,,66.79183241063191,66.30329296438794,54.9775721704769,48.06054636351195,39.35886219010095,38.83728179175349,铜山区招生办,徐州,117.1694,34.1781,N
3008A,,,,38.97526745267517,41.659137144114815,41.36400606101724,32.049802344287166,31.267500403502932,26.160086546708893,胡沟管理处,连云港,119.3608,34.7519,N
3009A,,,,47.740558038948976,46.899636040720296,44.36605867956567,38.34716102369799,34.24319760531402,33.388486121411056,矿山设计院,连云港,119.1478,34.5911,N
3010A,,,,47.472552832211534,53.34398525000959,48.26174806557981,37.32827403453549,37.763040158299354,33.76200272004043,钟楼,常州,119.9025,31.7964,N
3012A,,,,41.499734527848084,50.094972292905574,52.29058820682685,42.189655239441315,42.17688685723889,42.593777427301774,西山林语,荆门,112.1849,31.0362,N
3014A,,,,40.7647177553377,39.666984841234665,41.94883965218429,36.37552946344297,39.12161736719192,33.41793397973198,歇台子,重庆,106.4958,29.5346,N
3015A,,,,40.482024969062046,38.488828466611494,34.96167397255157,26.409519771002813,27.852044301833644,24.694707912896824,龙井湾,重庆,106.4037,29.5728,N
3016A,,,,35.490885681640336,31.66895342050042,33.29347493235706,28.97163237772265,34.77041035847249,30.845151781937947,龙洲湾,重庆,106.5507,29.4153,N
3018A,,,,78.17645016447062,65.58811738757925,56.48205690615406,46.51953706387582,56.95665713742566,49.92565132621492,唐尧大酒店,临汾,111.505,36.1014,N
3019A,,,,,,,,,,西沙,三沙,112.354915,16.840102,N
3020A,,,,58.0984498942645,51.79219435693246,50.816937613629285,46.961709634966944,39.65604950775777,36.518020273677706,中山北路,天津,117.2101,39.1699,N
3021A,,,,63.50722086851755,66.17361618975367,62.329528084864684,56.214628504891095,51.2831651012366,50.58783616825617,濮水河管理处,濮阳,115.0,35.7668,N
3022A,,,,69.30260056701663,60.411499473260605,65.00232442265064,49.47995681682044,,,凯旋路小学,洛阳,112.4433,34.6686,N
3025A,,,,39.02656036178492,43.20522817459604,31.79403290376496,29.092068035455284,25.904032817501392,23.7360898197451,技师学院,清远,113.0477,23.6344,N
3026A,,,,29.974133560802304,27.957687764163285,27.721833820505527,23.142439906878842,22.275711819642215,19.8099157247051,市政府,潮州,116.6183,23.6608,N
3027A,,,,64.11133010298184,53.45212150822512,43.3010917128041,42.03003429973829,43.690796285894336,40.281032835168176,青杠林路,自贡,104.72,29.3427,N
3033A,,,,20.835988176591094,17.17449665425628,13.17584298832501,12.411012479008503,11.578279066924571,,培训基地,乌鲁木齐,87.4651,43.4569,N
3028A,,,,,47.00743686306731,44.36582660698883,41.43823484148477,42.68741361683189,38.043062288595074,檀木林体育馆,自贡,104.776,29.3627,N
3034A,,,,,29.25607805641037,27.920385470772224,23.200660716377797,26.056684508035517,22.35459831243043,光明街小学,乌兰察布,113.1076,41.0385,N
3035A,,,,,23.32436498841878,27.749712076148676,28.6686198543641,25.892373562592844,25.63619030972523,北滨河,兴安盟,122.0931,46.0707,N
3036A,,,,,50.262511971277554,50.23646973328007,45.87727251689634,39.93164053469422,35.15889598582964,开发区管委会,东营,118.6904,37.4338,N
3038A,,,,,27.126849091803702,27.263034133212678,25.749840771889982,26.20164739672893,22.291526599918424,州图书馆,红河州,103.3758,23.368,N
3039A,,,,,59.51282527176535,55.962664757092256,47.63971642415087,42.43796090551457,44.37998858215617,三门峡市第一小学,三门峡,111.1911,34.7829,N
3046A,,,,,29.97235984883619,40.51978089241955,34.159635969188884,32.120792249158136,29.995567776231706,机电学校,南昌,115.9084,28.6062,N
3048A,,,,,22.323534983702643,22.0203888110806,20.11277460653978,20.84575190596255,16.503404367354648,九龙,福州,119.5799,26.0936,N
3051A,,,,,52.704783609611404,52.25424525352697,48.987004790310294,37.17500362999493,33.446389058936056,西四道,天津,117.3876,39.1488,N
3054A,,,,,58.8329659014848,52.97257777394988,50.28893995003617,46.89679083959628,46.37673060890672,市委党校,新乡,113.9194,35.2847,N
3057A,,,,,29.206973877101877,36.54835578101392,30.034341676228948,28.531596546439385,26.97608092576167,牟平检察院,烟台,121.5992,37.4014,N
3058A,,,,,39.08983599514261,32.99918164622481,40.67751893207063,32.889514000960624,29.82591816768363,银河街,赤峰,119.2658,42.0353,N
3059A,,,,,62.13004696454061,58.774537460909826,51.34584990696897,44.900942399565366,41.12396772643889,泰兴公司,济南,117.7161,36.2049,N
3061A,,,,,14.832099197920622,17.129618994622668,16.748773843891502,16.385720795268444,17.005188465097785,国华电力东,呼伦贝尔,119.7512,49.1577,N
3064A,,,,,61.925552852670776,61.018781543309,54.590681474633676,48.03361638168489,40.835632889469615,莱芜战役纪念馆,济南,117.6867,36.2171,N
3065A,,,,,19.183832242864057,10.024899865234678,8.91268839155156,6.535830845119856,6.574541191126109,州环保局,甘孜藏族自治州,101.9533,29.9972,N
3066A,,,,,55.36139833937814,51.999068569703844,50.445066299844854,45.22862036128167,41.4540579342176,九衢泉纯净水厂,德州,116.2721,37.4379,N
3055A,,,,,39.818008976387276,33.029435840628466,34.23359314157536,35.03538891691115,28.318010381125365,城北区政府,西宁,101.7775,36.6428,N
3045A,,,,,36.04831862586526,32.237713211919534,29.69344002722565,25.784209329054256,28.56149870372696,商州区中学,商洛,109.9643,33.8471,N
3128A,,,,,24.209764939153384,14.38060162388863,13.086128109544722,13.427811710971554,11.453035263239382,那曲会议中心,那曲地区,92.0506,31.4797,N
3129A,,,,,44.19509867696703,38.03217540911395,38.80142279959527,36.907068921456336,,平安高铁新区,海东地区,102.0306,36.5067,N
3133A,,,,,43.08723093849495,39.379716771653705,33.12816956047291,35.176991949625865,30.832321537974938,上清寺,重庆,106.5468,29.5654,N
3134A,,,,,62.60442000138439,60.117890838326474,51.682658180158896,43.511325398885354,46.14782843757784,市一中,许昌,113.8172,34.0339,N
3122A,,,,,29.99375575627456,22.454759107572684,20.333802906649044,23.89012538383957,,伍家关(对照点),安顺,105.9606,26.2611,Y
3123A,,,,,31.325171016684525,24.320756570796863,23.578843648922213,25.522188623085786,23.362393249567887,凤凰山,安顺,105.9408,26.2431,N
3124A,,,,,30.25565138683202,21.3222950167002,21.904747379773045,25.085064205100085,23.682480387480478,金钟山,安顺,105.9439,26.2564,N
3125A,,,,,32.07727493727832,22.666114799543482,22.458835097419627,25.39877679085802,26.166587369944896,娄家坡,安顺,105.8983,26.2481,N
3131A,,,,,32.85373622388232,27.503080002752284,24.81463285313474,29.420970018441185,19.466008994887666,烟厂,张家口,114.879,40.7993,N
3132A,,,,,35.851676943434704,38.42828135203869,35.42980126298991,33.95264983105388,27.91716070332061,文明里,秦皇岛,119.610547,39.943889,N
3136A,,,,,43.22909348055089,36.357906854424385,35.80195657689649,37.34311555120463,36.19157093957986,龙泉驿区区政府,成都,104.2725,30.5589,N
3138A,,,,,41.517315689523606,46.082977063609434,40.98935342352205,39.993622526859724,42.21223260068672,武陵区永安,常德,111.7153,29.0289,N
3139A,,,,,43.764814759642434,48.02315740585622,40.97470380591529,41.29494371611092,38.994872491572046,鼎城区玉霞,常德,111.6892,28.9881,N
3140A,,,,,43.685528344604634,48.631702620989955,41.71277146164957,42.92694987161725,40.33321602179017,武陵区长庚,常德,111.6625,29.0531,N
3141A,,,,,69.76140731833306,67.15877299355122,59.463011686840154,49.93509749984674,58.44592219689381,信访局,安阳,114.3922,36.0878,N
3137A,,,,,34.3179827321166,36.01050582241051,32.128422580581265,31.23420464715234,39.82941105642534,市委党校,眉山,103.8578,30.0744,N
3147A,,,,,62.54638268203028,61.21540622343927,53.32491615038752,49.6850221984409,53.62857029694201,龙亭公园,开封,114.3438,34.8106,N
3148A,,,,,39.00874945914109,37.8199815692952,32.532339503633054,36.326827608879725,39.91168663606153,区人社局,眉山,103.8291,30.0564,N
3149A,,,,,42.429866108503,42.29481957768049,36.4235420020794,32.053304455975734,31.820977667081856,笔架山北路,黄石,115.0235,30.1578,N
3153A,,,,,41.46648461333959,44.689176893955015,37.61782264240113,36.932055595290805,34.285174031565035,民族大道182号,武汉,114.3877,30.4908,N
3164A,,,,,,45.203059025870225,36.358049645546224,35.10108107851905,33.83869091954096,广陵建设局,扬州,119.4686,32.3942,N
3165A,,,,,,66.38936141829579,53.49327633247221,49.753060965123446,57.73744175623875,两寺渡,咸阳,108.6594,34.2969,N
3169A,,,,,,64.4386056899634,56.35714730879377,48.239663387041986,49.247988651862464,太极体育中心,焦作,113.2725,35.2071,N
2998A,,,,,,,,,,胡沟管理处,连云港,119.3608,34.7519,Y
2999A,,,,,,,,,,矿山设计院,连云港,119.1478,34.5911,Y
3151A,,,,,,,30.21473479038851,30.240166127825827,27.349729026391238,宜春学院北校区,宜春,114.375,27.8097,N
3170A,,,,,,,,,,市委党校,金昌,102.1864,38.5253,N
3171A,,,,,,,50.45496455235045,44.50619166193293,47.214425681432964,梁园区档案局,商丘,115.6071,34.4465,N
3173A,,,,,,,34.80996713925034,33.23879996306068,34.61435118609049,市人大,安庆,117.0598,30.5351,N
3178A,,,,,,,51.32454424605881,39.51217544997705,35.16930766575483,潍坊七中,潍坊,119.0587,36.721,N
3179A,,,,,,,23.28909940981388,23.041832465004482,20.051120932193854,官渡区博物馆,昆明,102.7494,25.0119,N
3180A,,,,,,,13.83470373197577,14.831494364681026,11.804641920506269,质量技术监督局,迪庆州,99.7136,27.8094,N
3182A,,,,,,,28.05811157789726,28.902704603314444,28.619015658306733,丽阳花园,巴中,106.7656,31.8545,N
3183A,,,,,,,26.009426292398576,26.656502755200368,26.144713640814818,圣泉水务公司,巴中,106.7418,31.8654,N
3184A,,,,,,,,,,市委党校,哈尔滨,126.6203,45.7219,N
3185A,,,,,,,53.84040871088587,,45.566972880512026,巨轮,太原,112.5628,37.8964,N
3186A,,,,,,,35.18187275062657,35.509734024788806,35.21853919504091,教育港,兰州,103.7158,36.1058,N
3187A,,,,,,,46.567851073800085,41.35246089329598,41.439051441525635,远航博物馆,宿州,116.9509,33.666,N
3188A,,,,,,,53.42917447364141,44.554859140545204,44.44057630489266,市城管局,衡水,115.6683,37.7217,N
3190A,,,,,,,39.60776759782002,35.30923641680776,33.031910105860774,外国语学校,九江,116.0254,29.6994,N
3191A,,,,,,,46.558853721768,39.897460953401186,39.219351557841115,宿豫区政府,宿迁,118.3225,33.9447,N
3194A,,,,,,,38.69400294331572,37.309185089969084,41.3957963447937,管委会,荆州,112.2747,30.3122,N
3195A,,,,,,,37.238904745262715,34.38856995140276,32.50315467881281,市体育局,扬州,119.3633,32.3972,N
3200A,,,,,,,52.11890411480034,46.67282534780169,42.33189036149126,监控中心,聊城,115.9819,36.4978,N
3201A,,,,,,,40.27945374159482,43.74490229028842,41.12550553720428,东关招商场,武威,102.6486,37.9325,N
3204A,,,,,,,50.38895989943902,46.51355058805484,50.43100459799492,规划局,平顶山,113.3025,33.73,N
3206A,,,,,,,28.353689905134594,31.005477641018576,28.774354656982535,新钢沁园村,新余,114.9149,27.807,N
3207A,,,,,,,35.56390902010548,33.73622683353744,30.31537685961464,市政府原办公楼,滁州,118.3118,32.3038,N
3207A.1,,,,,,,35.56390902010548,,,,,,,
3208A,,,,,,,48.91501272428587,46.08429447793321,35.921156717446145,市政府,忻州,112.7283,38.4153,N
3209A,,,,,,,22.394158073574296,21.258454139600587,16.489362977909472,宁德一中,宁德,119.5231,26.6562,N
3210A,,,,,,,60.55078872138416,48.79480593780957,52.476537510311125,汴京公园,开封,114.3644,34.7964,N
3216A,,,,,,,20.811450445329378,25.224994101997332,23.47463362140042,漳州党校,漳州,114.6622,24.5183,N
3237A,,,,,,,33.801946073618616,32.09798484989781,32.03363778876836,展览馆,池州,117.4918,30.6617,N
3238A,,,,,,,,,,济民医院(对照点),芜湖,118.3954,31.3946,Y
3239A,,,,,,,35.66078982513638,31.640677622199547,29.32679182184418,银鹰制药,辽源,125.0764,42.9078,N
3662A,,,,,,,31.146614900778427,19.277749458712545,20.308132348339505,富区青少年活动中心,齐齐哈尔,123.6333,47.2075,N
3663A,,,,,,,14.740272344979562,17.295818676313516,16.451356134739186,红旗社区,大兴安岭地区,124.1164,50.4278,N
1778A.1,,,,,,,,,,,,,,
1947A.1,,,,,,,,,,,,,,
3668A,,,,,,,48.42432157764478,54.697323337145825,49.09534391875043,城南,临汾,111.5036,36.0414,N
3676A,,,,,,,25.811092486406814,31.252418525216935,34.46897054770668,第二人民医院,大同,113.2802,40.0995,N
3677A,,,,,,,21.20386314528373,29.486813481545397,24.60276262207485,芒市人民政府综合楼,德宏州,98.5881,24.4368,N
3678A,,,,,,,47.314000684897664,50.290740458730006,44.47013634549856,市第七中学,济宁,116.5907,35.4054,N
3682A,,,,,,,49.1823975814422,49.039547271051006,39.89355227420342,济南四建,济南,116.9814,36.6819,N
3683A,,,,,,,32.74155292151108,42.323187063254984,30.675706789661756,昆区政府,包头,109.8331,40.6576,N
3684A,,,,,,,26.789395818897095,31.55040243469011,28.52499930044289,新建矿广场,七台河,130.8781,45.8222,N
3685A,,,,,,,30.448673164952957,30.15964023260247,25.131806717097305,双创科技城,上饶,117.897,28.4315,N
3690A,,,,,,,29.480419051651047,30.10481454927995,31.220056128253066,外国语学校,南昌,115.9721,28.7031,N
3692A,,,,,,,44.21494391350504,,,消防缸窑路中队,唐山,118.2059,39.6585,N
3693A,,,,,,,40.28687417704452,45.40088612268784,38.628410473848,路南电大,唐山,118.1436,39.6202,N
3698A,,,,,,,29.892951935560895,35.52550953003103,24.786294388667102,红旗小学,呼和浩特,111.5968,40.8178,N
3699A,,,,,,,25.13465233284633,30.047456363806642,23.194395557300364,海东办,呼和浩特,111.6518,40.8389,N
3701A,,,,,,,37.714868647097354,41.24267571648533,39.40737007865827,皖北煤电集团,宿州,116.9648,33.6252,N
3703A,,,,,,,53.02999040905348,54.14533983020904,62.05025471904316,安钢职工学校,安阳,114.2917,36.0949,N
3706A,,,,,,,27.20796046440211,27.457749193622387,27.02441439814266,老干部活动中心,通辽,122.2584,43.6333,N
3288A,,,,,,,,43.85082628494793,39.26588203969201,大泉街道,徐州,117.4754,34.4422,N
3422A,,,,,,,,31.32994629417423,28.74070244853717,江宁彩虹桥,南京,118.8436,31.9198,N
3423A,,,,,,,,33.36476832722831,33.207049963898186,溧水永阳,南京,119.0138,31.6494,N
3424A,,,,,,,,33.60222281009086,31.82608061320898,高淳老职中,南京,118.879,31.3302,N
3427A,,,,,,,,28.896474569188705,26.76245314922466,六合雄州,南京,118.8554,32.3578,N
3486A,,,,,,,,30.062371445414207,26.521166313943812,植物园,四平,124.4036,43.1411,N
3494A,,,,,,,,43.17054814749443,38.048086176499396,济阳区政府,济南,117.1673,36.9782,N
3495A,,,,,,,,34.98591862102588,33.267767860472674,锦屏中学,济南,117.1171,36.63,N
3700A,,,,,,,,28.27548854750253,30.065712620271338,康养中心(对照点),雅安,103.0456,29.9956,Y
3707A,,,,,,,,35.03121765350783,32.060808321010214,欧美日汽修厂,鸡西,131.0207,45.3073,N
3708A,,,,,,,,31.935975874469687,34.56373491173942,东方明珠社区,通辽,122.2922,43.6189,N
3709A,,,,,,,,29.780729410892274,26.11169213034589,市政设施管理处,鸡西,130.9967,45.3106,N
3710A,,,,,,,,19.400704305955205,22.71588457856584,白沙活动中心,宁波,121.5594,29.8975,N
3713A,,,,,,,,30.083679549030713,29.801458454234357,世纪城,四平,124.3419,43.1666,N
3715A,,,,,,,,43.36326893956108,42.67731188174796,蚌埠田家炳中学,蚌埠,117.3092,32.9314,N
2894A,,,,,,,,41.53451067664083,38.44901168941176,经济技术开发区消防队,淮南,117.0566,32.6531,N
3192A,,,,,,,,8.03883139132903,5.493082040772827,阿里藏医院,阿里地区,80.0903,32.5028,N
3329A,,,,,,,,42.517363012583054,40.05063033611987,山南新区,淮南,117.0108,32.5893,N
3345A,,,,,,,,23.180706710095432,23.675128513954057,中波台,七台河,131.0577,45.7879,N
3362A,,,,,,,,32.5391861001956,28.796249878639973,即墨2号,青岛,120.5014,36.4034,N
3363A,,,,,,,,43.36408580705072,39.12847956421454,新区,淄博,117.9883,36.8372,N
3365A,,,,,,,,36.81840727008832,32.14613398579348,垦利区民丰路,东营,118.5719,37.565,N
3413A,,,,,,,,27.878809057622462,24.92498091166927,广丰区教体局,上饶,118.1953,28.4401,N
3456A,,,,,,,,46.557209485445824,44.182516461215144,鹿泉一中,石家庄,114.289,38.0906,N
3498A,,,,,,,,36.525709274675734,32.642919182576506,河口城区,东营,118.5055,37.8612,N
3502A,,,,,,,,,37.776933620306735,国网新校,泰安,117.1812,36.2275,N
3503A,,,,,,,,39.2913404964138,38.61185289085892,交通技校,泰安,117.0313,36.2018,N
3504A,,,,,,,,45.60248433952972,40.35916722058541,山东第一医科大学,泰安,117.0829,36.13,N
3572A,,,,,,,,45.03830595439474,49.37829367983183,栾城区政府,石家庄,114.6419615,37.9001925,N
3573A,,,,,,,,48.302888610694886,47.45608555940311,藁城区实验学校,石家庄,114.8506765,38.0322033,N
3574A,,,,,,,,41.52899854321191,42.964059038076385,井陉矿区区委大楼,石家庄,114.0504658,38.0591645,N
3614A,,,,,,,,93.57281472962282,109.67297445038486,地区环保局,和田地区,79.924,37.0877,N
3615A,,,,,,,,94.42539778798158,104.13584850959515,市环保局,和田地区,79.9131,37.113,N
3631A,,,,,,,,,,高新区,石家庄,114.6063,38.0266,N
3637A,,,,,,,,33.19317834141124,28.614088520249155,人民广场,七台河,131.0176,45.7761,N
3642A,,,,,,,,30.296961764021713,25.477200047035595,市北区南部,青岛,120.3503,36.0736,N
3643A,,,,,,,,36.09185494911686,31.25536144713544,李沧区北部,青岛,120.3948,36.1805,N
3644A,,,,,,,,49.49795959217541,45.809571200733735,三金集团,淄博,117.8661,36.805,N
3645A,,,,,,,,47.62451592489109,42.18102238547281,东风化工厂,淄博,118.0253,36.8406,N
3646A,,,,,,,,40.97631749645052,33.966834086505365,胜利站,东营,118.4978,37.4623,N
3667A,,,,,,,,50.82545607046735,52.83748787861953,水利职院,运城,111.0283,35.0547,N
3670A,,,,,,,,52.73202804996152,52.67650523392055,禹都公园,运城,111.0522,35.0439,N
3719A,,,,,,,,7.7102879027392675,7.700931700574846,昌都会议中心,昌都,97.1714,31.1406,N
3726A,,,,,,,,7.742098401764925,8.438145405518034,林业技术推广中心,日喀则,88.8781,29.2426,N
3728A,,,,,,,,44.325014946865004,41.499229588834034,白酒学院,宜宾,104.68,28.8071,N
3734A,,,,,,,,38.687680071810874,34.93943476440318,理想之城,东营,118.35,37.26,N
1961A.1,,,,,,,,41.78918055676415,,,,,,
1966A.1,,,,,,,,29.60723261212934,,,,,,
3007A,,,,,,,,36.61917708814567,32.88857054342757,新城一中,连云港,119.178,34.844,N
3109A,,,,,,,,22.233824901079767,18.962646482527404,赣县区卫计委,赣州,115.0093,25.8613,N
3241A,,,,,,,,39.72083294367163,35.001832108042336,百合公园,兰州,103.7439,36.0842,N
3242A,,,,,,,,39.055468355106704,35.60999138401055,和平,兰州,103.9611,35.998,N
3245A,,,,,,,,38.59213205205452,,新区管委会,兰州新区,103.6633,36.533,N
3246A,,,,,,,,27.614720052660402,,舟曲中学,兰州新区,103.6975,36.4789,N
3247A,,,,,,,,,17.643242893696417,市总工会,陇南,104.955,33.371,N
3248A,,,,,,,,26.441549626955492,24.49304921830623,雄关区,嘉峪关,98.2643,39.7724,N
3265A,,,,,,,,27.946510404111944,25.594524895223998,宝山庙行,上海,121.4316,31.3322,N
3266A,,,,,,,,23.079795722884562,20.74060906065404,崇明上实东滩,上海,121.8791,31.4662,N
3268A,,,,,,,,28.12799767810406,25.35143182866348,嘉定南翔,上海,121.3162,31.2838,N
3269A,,,,,,,,26.446700712195323,26.110174950382415,金山新城,上海,121.3359,30.7456,N
3270A,,,,,,,,28.66596278448406,23.98737331573265,闵行浦江,上海,121.4996,31.0739,N
3271A,,,,,,,,29.14336107811341,25.753558778140157,青浦徐泾,上海,121.2886,31.1663,N
3272A,,,,,,,,28.75757410953369,26.929900338459504,松江图书馆,上海,121.2186,31.0378,N
3273A,,,,,,,,28.43253698412594,24.55040294854936,长宁仙霞,上海,121.3902,31.2059,N
3274A,,,,,,,,24.944209109389845,23.09864649107209,浦东惠南,上海,121.7965,31.0507,N
3281A,,,,,,,,31.017399667091638,27.273862888510088,延庆夏都,北京,115.9718,40.4529,N
3282A,,,,,,,,28.731497559265918,23.821225910969652,大同市卫生学校,大同,113.3397,40.0597,N
3283A,,,,,,,,33.29326667823935,26.799805168883093,滨河大厦,包头,109.9154,40.5685,N
3284A,,,,,,,,32.036822223207835,28.829885947794168,海北新区,乌海,106.813,39.7274,N
3285A,,,,,,,,24.473674565974015,18.551322990821557,北京八中,乌兰察布,113.1376,40.9509,N
3286A,,,,,,,,22.023671989262013,16.414892811045743,桥北物流园区,赤峰,118.9359,42.3147,N
3287A,,,,,,,,,36.977805637674926,富润路1号,镇江,119.3842,32.1976,N
3289A,,,,,,,,,27.083023724126264,方洲路,苏州,120.743,31.3188,N
3290A,,,,,,,,26.13362292366908,26.421712163892646,木渎中学,苏州,120.5031,31.2774,N
3291A,,,,,,,,27.671735207950203,27.205382372388087,通州监测站,南通,121.067,32.062,N
3293A,,,,,,,,27.747366653208825,26.332513751834227,月亮广场,盐城,120.1501,33.3367,N
3294A,,,,,,,,33.01241939529039,32.45093447776207,引江管理处,扬州,119.5653,32.4222,N
3295A,,,,,,,,31.345137042589165,32.624236253762206,姜堰区政府广场,泰州,120.1259,32.5099,N
3298A,,,,,,,,25.13715493546091,22.33808020699919,从化街口,广州,113.5717,23.5491,N
3299A,,,,,,,,26.32909574493539,24.542643798271914,白云竹料,广州,113.3472,23.3692,N
3300A,,,,,,,,26.580348257657548,23.190590869970748,白云嘉禾,广州,113.2981,23.237,N
3301A,,,,,,,,23.01241605075442,21.56362908995755,黄埔科学城,广州,113.4256,23.1716,N
3302A,,,,,,,,23.160838448427423,21.27041789014302,番禺大学城,广州,113.3942,23.0483,N
3303A,,,,,,,,23.993937114059268,21.834881321050318,南沙黄阁,广州,113.4922,22.8168,N
3304A,,,,,,,,22.56531722877551,20.694560314304308,南沙街,广州,113.5342,22.7896,N
3305A,,,,,,,,18.358524595909156,16.25706740191591,莲花,深圳,114.0731,22.559,N
3306A,,,,,,,,19.586006207956245,17.568230214501675,民治,深圳,114.0261,22.6198,N
3307A,,,,,,,,19.269383334129,17.390529002843078,横岗,深圳,114.1871,22.6451,N
3308A,,,,,,,,20.378215013829713,17.868097185920593,金湾,珠海,113.3494,22.0569,N
3311A,,,,,,,,26.700109308636254,22.6584014214363,江海富民,江门,113.1075,22.5647,N
3313A,,,,,,,,23.554005376210828,23.02258408449973,高要湖西,肇庆,112.4575,23.0166,N
3314A,,,,,,,,18.178108985691427,17.452934904141756,惠阳秋长,惠州,114.4338,22.8134,N
3315A,,,,,,,,,17.234874178251438,梅龙,梅州,116.1233,24.2991,N
3317A,,,,,,,,18.260811716941706,18.433395729279802,两阳中学,阳江,111.9765,21.8947,N
3318A,,,,,,,,21.29035065299317,19.620199500343414,清新太和,清远,112.9903,23.7403,N
3319A,,,,,,,,21.600341698011825,20.167771602508733,万江金泰,东莞,113.7338,23.0381,N
3320A,,,,,,,,25.886301310496847,22.7531748294657,曲溪,揭阳,116.403,23.5699,N
3323A,,,,,,,,18.711013459088623,12.967104296206886,青少年活动中心,张家口,115.2773,40.9724,N
3324A,,,,,,,,39.671451367997406,41.77519395262053,河北水利电力学院,沧州,116.8136,38.3004,N
3325A,,,,,,,,42.71951618356124,37.35762199224476,雍阳西道,天津,117.0365,39.3828,N
3326A,,,,,,,,43.73345453820706,38.70656133665444,辛老路,天津,117.0296,39.0605,N
3327A,,,,,,,,46.483226441319744,41.0254887826296,地纬路,天津,116.9638,38.9375,N
3328A,,,,,,,,34.24148452457429,35.04937269844409,市气象局,芜湖,118.4209,31.3707,N
3330A,,,,,,,,43.635286123558735,44.962755691241306,杜集区检察院,淮北,116.8873,33.9836,N
3331A,,,,,,,,35.31555250862005,31.91045590837189,图书馆,滁州,118.3267,32.2634,N
3332A,,,,,,,,40.74240148721181,42.01236648701341,亳州学院,亳州,115.7633,33.8034,N
3333A,,,,,,,,30.171857919514203,32.90943845233441,第八中学,池州,117.5627,30.695,N
3334A,,,,,,,,31.74441209866986,33.651625742950515,第十二中学,池州,117.5038,30.6243,N
3335A,,,,,,,,46.048713082680194,48.65834002877296,马村街道办,焦作,113.3137,35.2641,N
3336A,,,,,,,,48.88308211685988,54.60568830393801,焦作技师学院,焦作,113.2465,35.2373,N
3337A,,,,,,,,44.222459446372234,46.970835686594135,许昌学院,许昌,113.8614,34.0442,N
3338A,,,,,,,,46.352794632495026,47.306866147009316,芙蓉广场,许昌,113.843,34.0823,N
3339A,,,,,,,,,45.98267320559001,小管楼,驻马店,114.0012,33.0412,N
3340A,,,,,,,,46.60383895127926,49.505639964877915,伊滨,洛阳,112.6005,34.6326,N
3341A,,,,,,,,45.39875632499243,48.30838259564919,中移产业园,洛阳,112.4951,34.6332,N
3342A,,,,,,,,25.610829196916686,25.669366238361448,中心小学,伊春,128.4741,47.4346,N
3343A,,,,,,,,25.839863392867894,21.504596735103146,检察院,伊春,128.6871,47.7369,N
3344A,,,,,,,,21.639300259895144,20.356909799808154,双子河社区,伊春,128.8431,47.8474,N
3346A,,,,,,,,20.078282657832762,25.6156242970893,安康,重庆,108.3872,31.1628,N
3347A,,,,,,,,35.91252778418498,33.92816491267805,北山路,重庆,105.9017,29.3569,N
3348A,,,,,,,,28.170345538084767,29.315862918602683,春阳街,重庆,105.839,30.1946,N
3349A,,,,,,,,32.576287870187976,31.71279579519555,人民东路,重庆,107.7983,30.6758,N
3350A,,,,,,,,38.00275863282698,37.577602746557545,滩子口,重庆,106.6479,29.0244,N
3351A,,,,,,,,28.444428233719094,34.56896158803613,棠香,重庆,105.7167,29.7076,N
3352A,,,,,,,,33.12723200208571,33.10720822378356,桃源西路,重庆,107.0732,29.8617,N
3353A,,,,,,,,31.016612994328085,34.29864573955098,迎宾大道,重庆,107.3535,29.7287,N
3354A,,,,,,,,29.411315775402205,26.10541251052207,舟白,重庆,108.815,29.5081,N
3355A,,,,,,,,38.61965374083091,34.140205154469434,周家坝,重庆,108.3679,30.8426,N
3356A,,,,,,,,32.09176331920748,27.99527826474132,百安坝,重庆,108.4319,30.7555,N
3357A,,,,,,,,38.37477283753736,38.04203568460841,金博路,成都,104.0106,30.6931,N
3358A,,,,,,,,40.367871287969486,39.09894524853012,临江路,成都,103.8458,30.6994,N
3359A,,,,,,,,39.54013461042446,39.527619627441204,华阳,成都,104.0578,30.5225,N
3360A,,,,,,,,46.50034933102929,39.09766898439911,南湖救助站,自贡,104.7894,29.3194,N
3361A,,,,,,,,38.47914933773757,40.094632425121766,理工大学,乐山,103.7311,29.5628,N
3364A,,,,,,,,47.48991283074821,42.08537447628293,市环保局,枣庄,117.3152,34.8103,N
3366A,,,,,,,,29.09509458558826,23.16425108643342,中国农业大学,烟台,121.5206,37.4336,N
3368A,,,,,,,,41.82012480518104,33.891666877807666,高新实验学校,潍坊,119.1977,36.6872,N
3369A,,,,,,,,41.981080845082424,,开发区幼儿园,临沂,118.3977,35.0278,N
3370A,,,,,,,,46.175402630418645,38.889805800213416,十里堡居委,临沂,118.3564,35.0215,N
3371A,,,,,,,,47.47667657209198,43.66071927486682,开发区人民医院,德州,116.3728,37.4403,N
3372A,,,,,,,,48.517318007778684,45.937162513060414,太阳城中学,德州,116.3572,37.4094,N
3374A,,,,,,,,48.48855085225859,46.46941939669795,定陶老年大学,菏泽,115.5564,35.0891,N
3375A,,,,,,,,22.021215421555095,18.43030460493644,青年创业园,昆明,102.8017,24.8336,N
3376A,,,,,,,,23.04012403482848,23.306011769737633,南苑二区,曲靖,103.7947,25.462,N
3377A,,,,,,,,27.058105081198768,24.29405965737578,曲靖师范学院,曲靖,103.7444,25.5261,N
3378A,,,,,,,,43.30006736076704,35.197201665565196,老边实验中学,营口,122.371,40.6771,N
3379A,,,,,,,,36.13428358927764,31.223707528509955,鲅鱼圈市民活动中心,营口,122.1139,40.2278,N
3380A,,,,,,,,12.439340097853911,15.66418669711719,甘肃民族师范学院,甘南州,102.8914,34.9617,N
3396A,,,,,,,,42.14365982602899,47.00195523156031,襄城隆中路,襄阳,112.0828,32.0067,N
3397A,,,,,,,,48.40427259275928,48.368143629009104,高新台子湾,襄阳,112.1214,32.1008,N
3398A,,,,,,,,28.98375231146542,33.936770419528116,市林业局,黄冈,114.9136,30.4445,N
3399A,,,,,,,,39.53614762639283,34.97097383967995,师范学院,衡阳,112.6703,26.882,N
3400A,,,,,,,,25.287828644717127,24.23010301848992,龙潭自来水厂,北海,109.1911,21.4415,N
3401A,,,,,,,,26.850568341251567,26.340322148310218,红星社区,南宁,108.4834,22.7618,N
3402A,,,,,,,,28.65290831355296,26.342114467765857,市二中,柳州,109.5422,24.3996,N
3403A,,,,,,,,29.298083984959298,29.369268218687687,创业大厦,桂林,110.1764,25.2381,N
3404A,,,,,,,,29.125955779817687,25.77315183476176,北职校,钦州,108.5959,21.9633,N
3405A,,,,,,,,25.795937888156367,25.943051752404322,新世纪学校,贵港,109.5886,23.1172,N
3406A,,,,,,,,30.417867673731998,31.040754997193382,祈福高中,百色,106.6085,23.8798,N
3407A,,,,,,,,27.54400059316637,27.54092320999464,秀洲住建,嘉兴,120.6916,30.7739,N
3408A,,,,,,,,27.51538400900115,30.039898168470064,绍兴中专,绍兴,120.5683,29.9361,N
3409A,,,,,,,,27.740149495025904,30.8496189828275,柯桥区政府,绍兴,120.4906,30.0861,N
3410A,,,,,,,,25.20441714204057,27.128126138194304,重华小学,绍兴,120.8752,30.0249,N
3411A,,,,,,,,24.136687784408167,25.857937281116335,上虞中学,绍兴,120.8369,30.0137,N
3414A,,,,,,,,33.05179638616258,,桑海产业园,赣江新区,115.8347,28.932,N
3415A,,,,,,,,,31.304926293923508,万载县环保局,宜春,114.4519,28.0828,N
3416A,,,,,,,,36.79406627742225,32.16075136991143,潍坊学院,潍坊,119.1755,36.7149,N
3417A,,,,,,,,34.498188044691,30.388887234218853,平谷新城,北京,117.0709,40.1465,N
3418A,,,,,,,,31.44845336606778,26.123978989028842,密云新城,北京,116.8336,40.4095,N
3419A,,,,,,,,34.1878498457077,25.317031396097367,包头市委党校,包头,109.9447,40.6261,N
3421A,,,,,,,,22.879010664951977,19.29159806472012,市委党校,乌兰察布,113.1775,40.9779,N
3425A,,,,,,,,28.418441285426816,28.179683242634237,越秀幼儿园,苏州,120.624,31.1733,N
3426A,,,,,,,,34.929255089515834,34.539784871458465,新华书店,淮安,118.8755,33.2894,N
3428A,,,,,,,,30.79843772329283,29.975961935844914,华庄,无锡,120.3142,31.4753,N
3429A,,,,,,,,34.40804579760683,33.439332317375936,武进经发区,常州,119.8598,31.7066,N
3430A,,,,,,,,33.41490021581248,33.54619673747759,金坛城区,常州,119.5826,31.7245,N
3431A,,,,,,,,29.133819589941584,28.232536963795827,高铁新城,苏州,120.6505,31.416,N
3432A,,,,,,,,30.406188108032783,25.99996280614061,环境教育馆,南通,120.9348,31.9883,N
3434A,,,,,,,,32.34107948806475,30.642216182366248,工贸学校,连云港,119.2413,34.6539,N
3435A,,,,,,,,34.1625027156502,33.77027348911033,周山河街区,泰州,119.9192,32.4322,N
3436A,,,,,,,,31.61960685277164,26.363823116558454,大丰高级中学,盐城,120.4279,33.205,N
3437A,,,,,,,,26.265111846755886,23.071615309438517,达坂城区环保局,乌鲁木齐,88.3118,43.3658,N
3438A,,,,,,,,43.22405045729013,44.30420669044186,红光山片区,乌鲁木齐,87.6162,43.8801,N
3439A,,,,,,,,38.49286879417658,39.661204173286144,新师大温泉校区,乌鲁木齐,87.7024,43.8004,N
3440A,,,,,,,,47.73163202544946,46.35925913999081,大绿谷,乌鲁木齐,87.4921,43.8411,N
3441A,,,,,,,,59.45288676834311,59.52759604249601,经开区管委会,五家渠,87.546,44.1912,N
3442A,,,,,,,,,47.69495874234855,南区管委会,石河子,86.047,44.2331,N
3443A,,,,,,,,21.859197845221114,19.928008840222287,花都梯面,广州,113.2902,23.5544,N
3444A,,,,,,,,21.462707427842886,16.61182471396173,潮南峡山,汕头,116.454,23.2684,N
3445A,,,,,,,,16.96885937318308,16.160908207309404,从化良口,广州,113.7858,23.7478,N
3446A,,,,,,,,21.411703165285534,19.225782281634363,增城荔城,广州,113.8051,23.2614,N
3447A,,,,,,,,19.283346270345564,17.524653434068444,坪山,深圳,114.3551,22.7151,N
3448A,,,,,,,,20.748340217446337,17.825022863916654,横琴,珠海,113.5433,22.1163,N
3449A,,,,,,,,23.27208862213725,20.829124111466864,新会银湖,江门,113.05,22.4667,N
3450A,,,,,,,,18.79325240415445,17.809278365727803,电白水东,茂名,111.01,21.5165,N
3451A,,,,,,,,20.251398793651102,20.085903347296405,鼎湖凤凰,肇庆,112.5617,23.2083,N
3452A,,,,,,,,17.062682557467415,14.822167149123205,大亚湾霞涌,惠州,114.6517,22.775,N
3453A,,,,,,,,23.962968633376228,23.89227780269322,阳东陶然,阳江,112.0125,21.8749,N
3454A,,,,,,,,19.852000727401858,17.213103662800986,中山南区,中山,113.3528,22.478,N
3455A,,,,,,,,22.35496903517573,20.201026586902586,清城东城,清远,113.076,23.7198,N
3457A,,,,,,,,33.68024715185429,35.70935247064466,冀东油田职工医院,唐山,118.4359,39.2762,N
3458A,,,,,,,,49.39063161529635,54.089509444711254,香泉濮院小区,邯郸,114.7895,36.5593,N
3459A,,,,,,,,41.82100075853021,43.53424767808965,地表水厂,衡水,115.5989,37.5491,N
3460A,,,,,,,,37.53036753944533,31.472392977957497,北环路,天津,117.4067,40.0583,N
3461A,,,,,,,,43.84783739038141,39.70551751360894,建设路,天津,117.3045,39.7169,N
3462A,,,,,,,,40.283849513672365,35.81903293874047,滨水东路,天津,117.8199,39.3521,N
3463A,,,,,,,,40.923620372422064,39.52251873028454,社会福利中心,宿州,116.9708,33.591,N
3464A,,,,,,,,33.097542044775786,31.763825223967885,高教基地,合肥,117.3803,31.9147,N
3465A,,,,,,,,33.69677835577104,34.19628585926178,清苑社区,芜湖,118.4781,31.3225,N
3466A,,,,,,,,31.658284396854892,33.766725194931624,扬子职业技术学院,芜湖,118.2746,31.2326,N
3468A,,,,,,,,45.06747462983876,41.92689904319011,市规划展馆,阜阳,115.7901,32.8613,N
3469A,,,,,,,,44.83335436127485,42.20665914872712,枣园社区,阜阳,115.836,32.9183,N
3470A,,,,,,,,29.721373313647003,32.089632972495615,夏渡子站,宣城,118.7724,30.9141,N
3471A,,,,,,,,45.07903081541111,49.36891058148299,惠济区政府,郑州,113.616563,34.86783,N
3473A,,,,,,,,46.16377491160582,57.91221629106793,技师学院,开封,114.2485,34.8306,N
3474A,,,,,,,,49.55654035121578,52.113198621246696,大新区,鹤壁,114.2617,35.6822,N
3475A,,,,,,,,,53.161986687856626,市政府,新乡,113.9188,35.3045,N
3476A,,,,,,,,,53.366251775438656,河师大,新乡,113.9135,35.3327,N
3477A,,,,,,,,45.65938191267343,46.735508814058484,中站许衡医院,焦作,113.1656,35.2539,N
3478A,,,,,,,,49.876586491312835,50.98436123184538,市图书馆,漯河,113.9749,33.5664,N
3479A,,,,,,,,52.25119934280248,53.353691800545725,召陵区卫健委,漯河,114.0967,33.5906,N
3480A,,,,,,,,23.673618159537703,22.012017022784917,美溪镇,伊春,129.1368,47.6417,N
3481A,,,,,,,,26.05195154919933,25.287442271132154,萨区政府监测点,大庆,125.141,46.634,N
3482A,,,,,,,,29.316513175550632,23.89684241370584,芙蓉中路,重庆,107.7541,29.3277,N
3483A,,,,,,,,27.054080279323056,25.713791479301044,西山,重庆,108.7661,29.5368,N
3484A,,,,,,,,34.35165746842304,32.474508200998514,行政中心,重庆,106.2628,29.32,N
3485A,,,,,,,,30.31095708369073,31.810332795357787,高寺路,重庆,107.0944,29.1608,N
3487A,,,,,,,,35.40398080491796,36.79826688208368,车城东七路,成都,104.2394,30.5319,N
3488A,,,,,,,,33.69407861993794,35.30190181513251,青白江技师分院,成都,104.3853,30.7453,N
3489A,,,,,,,,38.80863472996709,38.451650959824136,科学城,成都,104.0789,30.4072,N
3490A,,,,,,,,43.723542235474106,46.41261326372304,纳溪区环保局,泸州,105.3617,28.7703,N
3491A,,,,,,,,34.0696453491231,32.60095459262556,西科大附属小学,绵阳,104.69,31.5322,N
3492A,,,,,,,,36.62569161872624,33.547103634283886,安州区旅游局,绵阳,104.5648,31.5343,N
3496A,,,,,,,,45.53109567442615,38.5658804053403,南坊新区,临沂,118.3604,35.1084,N
3500A,,,,,,,,,41.85821316114874,北湖一中,济宁,116.5814,35.3707,N
3501A,,,,,,,,49.75820796851543,44.78669252717068,服务中心,济宁,116.8249,35.5593,N
3505A,,,,,,,,23.57848955839398,20.31560049193659,临港区管委会,威海,122.1379,37.3414,N
3507A,,,,,,,,30.854480561058423,27.387063573374093,职业技术学院,日照,119.5328,35.4625,N
3511A,,,,,,,,46.08815035829899,41.30285074447906,陵城艺术中心,德州,116.5652,37.3319,N
3512A,,,,,,,,50.01813778461366,44.10109566508823,华润纺织,聊城,116.049,36.4674,N
3513A,,,,,,,,49.58557121493139,43.13996542806774,九州社区,聊城,116.0445,36.4361,N
3514A,,,,,,,,42.0174840421294,39.84560153564875,中海酒店,滨州,117.9378,37.3956,N
3515A,,,,,,,,45.26672665728924,39.599994867925574,开发区一中,滨州,117.9378,37.3553,N
3516A,,,,,,,,41.017367436506476,37.86433221074704,金海六路,滨州,118.0917,37.694,N
3520A,,,,,,,,40.830577196643986,33.63703859914925,妇女儿童医院,石嘴山,106.3495,38.9836,N
3521A,,,,,,,,,40.83582257633781,石大公路,石嘴山,106.7492,39.2069,N
3522A,,,,,,,,24.062707544144217,25.701507825310117,原州区十五小,固原,106.2177,35.9959,N
3523A,,,,,,,,30.146398343109844,28.985092559902384,滨河新区,银川,106.5105,38.3856,N
3524A,,,,,,,,47.41602742998747,52.523768370022495,文体局,西安,108.6116,34.1164,N
3525A,,,,,,,,47.21973251640031,52.544611441153656,奥体中心,咸阳,108.6396,34.4078,N
3526A,,,,,,,,20.5605469443322,17.57443708776213,吴航,福州,119.5189,25.9664,N
3527A,,,,,,,,20.46335299118117,16.453402432816883,集美中学,厦门,118.0958,24.5688,N
3528A,,,,,,,,19.910604383535667,17.272491698308357,同安二实小,厦门,118.1493,24.7245,N
3529A,,,,,,,,20.91221232458626,16.739617095451315,城华南路,泉州,118.6333,24.9264,N
3530A,,,,,,,,24.342088042968623,21.614364213082,西洋坪路,漳州,117.6296,24.5314,N
3531A,,,,,,,,28.138744986046397,25.83079310639499,旅游学院,桂林,110.296,25.1253,N
3532A,,,,,,,,27.971570460769748,27.04762224978751,玉林师范学院东校区,玉林,110.1945,22.6831,N
3533A,,,,,,,,31.54676500139961,28.33949265958407,福绵环保局,玉林,110.0527,22.5893,N
3534A,,,,,,,,30.65635684338452,28.654264738551095,西湾,贺州,111.4744,24.4553,N
3535A,,,,,,,,32.990132678027486,28.98021093392928,兴宾区政府,来宾,109.1781,23.7297,N
3536A,,,,,,,,29.53664998517282,27.203538925943143,第十二小学,遵义,106.8547,27.5919,N
3537A,,,,,,,,23.32237715541942,24.524715230108246,长征村,毕节,105.3631,27.3533,N
3538A,,,,,,,,19.87537933874543,18.19241168353167,沙坝,黔南布依族苗族自治州,107.5175,26.2978,N
3539A,,,,,,,,15.23249242165154,13.786090801241068,桂林洋子站,海口,110.5111,19.9736,N
3540A,,,,,,,,11.897228466825593,11.030147378916539,君悦子站,三亚,109.7348,18.3443,N
3541A,,,,,,,,15.078881851711513,13.31005853994691,第一中学子站,儋州,109.5726,19.5167,N
3542A,,,,,,,,15.466819620929211,13.196292848647465,东坡学校子站,儋州,109.5567,19.5187,N
3543A,,,,,,,,,,永兴岛子站,三沙,112.3466,16.8396,N
3544A,,,,,,,,25.619961047995965,24.288578473201,奉贤南桥新城,上海,121.4891,30.925,N
3545A,,,,,,,,,37.78920947679398,郧阳区金沙路,十堰,110.8054,32.8401,N
3546A,,,,,,,,38.17471744871953,40.00763420233751,猇亭区张家湾站,宜昌,111.4606,30.552,N
3547A,,,,,,,,37.89649718017385,41.402855367906916,龙泉中学南校,荆门,112.1632,31.0138,N
3548A,,,,,,,,,47.274970097734894,学苑路,荆州,112.1655,30.3364,N
3549A,,,,,,,,24.019958985002262,24.249775724863113,龙凤新区,恩施土家族苗族自治州,109.5061,30.3772,N
3550A,,,,,,,,24.816791154434174,21.481808088353702,昆明学院,昆明,102.7997,24.9786,N
3551A,,,,,,,,23.75086628505087,21.39005230264514,晋宁区生态环境分局,昆明,102.5967,24.6736,N
3552A,,,,,,,,22.517764151461847,18.69309414739396,云天化总部,昆明,102.6678,24.9856,N
3557A,,,,,,,,30.575513657258693,30.20227868193183,镇二中,杭州,119.9464,30.0494,N
3558A,,,,,,,,30.619254190516635,30.361747192168867,市府大楼,杭州,119.7183,30.2367,N
3560A,,,,,,,,32.36384338100793,33.555569267303106,柯桥妇保,绍兴,120.4722,30.0415,N
3561A,,,,,,,,25.85178010649227,24.259959614346464,茶山,温州,120.6985,27.9251,N
3562A,,,,,,,,,32.05482188408209,南浔区站,湖州,120.4148,30.8538,N
3564A,,,,,,,,22.466461785407553,19.919111049433294,台州科技职业学院,台州,121.2568,28.6681,N
3565A,,,,,,,,35.84880302756261,29.20938902010438,云冈站,大同,113.1367,40.1122,N
3566A,,,,,,,,34.84278764255126,28.892273762555497,图书馆,大同,113.1186,40.2556,N
3567A,,,,,,,,32.780837924431616,25.72149415942011,区一中,大同,113.5931,40.0461,N
3568A,,,,,,,,,45.52469888798908,向阳小学,长治,113.06,36.0464,N
3569A,,,,,,,,,39.69273404365761,屯留一中,长治,112.8792,36.3144,N
3570A,,,,,,,,49.89547096548487,49.313248954083605,潞城四中,长治,113.235,36.3489,N
3571A,,,,,,,,32.487045262860896,26.165412582983336,一水厂,朔州,112.2931,39.53,N
3575A,,,,,,,,37.99011797099714,36.90985011737486,正泰大街热力站,唐山,118.09279,39.58089,N
3576A,,,,,,,,52.96625815416281,38.63986925120743,丰润区政府,唐山,118.1562,39.8322,N
3577A,,,,,,,,43.21431014581878,34.60920011386363,金山小学,唐山,118.43673,39.73809,N
3578A,,,,,,,,47.66883262567159,37.83450855135758,政府服务中心,唐山,118.24498,39.66941,N
3579A,,,,,,,,50.243233713108594,53.56229937490706,永年区实验高中,邯郸,114.50634,36.77178,N
3580A,,,,,,,,45.445194831666605,47.617126470732174,峰峰矿区临水派出所,邯郸,114.20016,36.44293,N
3581A,,,,,,,,41.26329242802767,49.416553354716825,满城区生态环境分局,保定,115.31981,38.95208,N
3582A,,,,,,,,49.635259323311516,44.28515266158985,清苑区第二中学,保定,115.47694,38.76408,N
3583A,,,,,,,,49.30577824322078,39.60581030800088,徐水物探局,保定,115.62909,39.02311,N
3584A,,,,,,,,44.72031940328952,,容城县环境保护局,雄安新区,115.8844,39.0341,N
3585A,,,,,,,,48.56309602991753,,河北容城中学,雄安新区,115.8665,39.0645,N
3586A,,,,,,,,48.23128884709763,,安新县民政局,雄安新区,115.923,38.9405,N
3587A,,,,,,,,42.38510803935628,,安新县电力局,雄安新区,115.9324,38.9338,N
3588A,,,,,,,,45.179409681377116,,雄县环境保护局,雄安新区,116.0901,38.9816,N
3589A,,,,,,,,45.45879483538367,,雄县国土资源局,雄安新区,116.1105,39.0046,N
3590A,,,,,,,,44.88611238016856,45.24131552398751,北区建设指挥部,郑州,113.8374,34.5589,N
3591A,,,,,,,,47.26290571238204,51.06412678308287,上街区政府,郑州,113.30952,34.803229,N
3592A,,,,,,,,52.29295582473301,54.20589666705293,祥符区生态环境局,开封,114.4644,34.7556,N
3593A,,,,,,,,41.84551821422777,49.45898088293975,吉利监测站,洛阳,112.5736,34.8993,N
3594A,,,,,,,,,47.76292669136767,石龙区,平顶山,112.8867,33.9116,N
3596A,,,,,,,,53.303865627303644,55.24307096848081,南山宾馆,鹤壁,114.1572,35.9603,N
3597A,,,,,,,,48.309276814089394,47.32652993347672,建安区兴业大厦,许昌,113.8134,34.1251,N
3598A,,,,,,,,46.963782870441364,49.1159000296001,富达温泉假日酒店,三门峡,111.1,34.7167,N
3599A,,,,,,,,37.824776944134854,33.27254410373831,书院路,重庆,106.2649,29.9851,N
3600A,,,,,,,,37.68294206030882,34.12885117152137,虎峰,重庆,106.2339,29.5559,N
3601A,,,,,,,,35.281054319762966,34.32867558281249,龙门街,重庆,106.0499,29.8342,N
3604A,,,,,,,,36.53688058041517,32.416129419636924,岚山环保分局,日照,119.3266,35.1044,N
3605A,,,,,,,,50.10252305087502,57.2326393796625,无线电监控中心,西安,109.09,34.5236,N
3606A,,,,,,,,40.53470637368905,,北杜,西咸新区,108.7108,34.46,N
3607A,,,,,,,,46.52651157891775,,同德佳苑,西咸新区,108.7096,34.2956,N
3608A,,,,,,,,49.405070417882754,,崇文塔,西咸新区,108.8558,34.4978,N
3610A,,,,,,,,39.04489120840342,33.31747615772317,昌元,重庆,105.5933,29.4105,N
3612A,,,,,,,,23.4916059971326,25.04126523079915,白碱滩区新站,克拉玛依,85.1045,45.6899,N
3613A,,,,,,,,54.428567266032715,51.66174308279627,亚心广场,昌吉州,87.3095,44.0142,N
3616A,,,,,,,,29.060893792380526,29.118978170850493,市中心医院,巴中,106.7616,31.8344,N
3617A,,,,,,,,28.259779372575384,29.282075524077214,经开区,广元,105.8047,32.4166,N
3618A,,,,,,,,49.710537020421505,46.00700600142182,金胜,太原,112.4701,37.782,N
3619A,,,,,,,,47.76717993606987,45.92027784552464,龙柱,阳泉,113.617,37.8571,N
3620A,,,,,,,,35.88518944177074,36.692188991721714,泽州一中,晋城,112.8271,35.4828,N
3621A,,,,,,,,35.47607622831124,33.361406168989916,聚英学校,乌海,106.8288,39.6778,N
3622A,,,,,,,,23.777622261078978,21.71596877843069,碧湖山庄,韶关,113.5556,24.8082,N
3623A,,,,,,,,19.375783144493347,17.58187479861083,西乡,深圳,113.8953,22.5861,N
3624A,,,,,,,,23.98435976356445,21.628179967155354,潮南子站,汕头,116.4069,23.2533,N
3625A,,,,,,,,22.279812637165357,19.358480272142753,容桂街道办,佛山,113.2544,22.7642,N
3626A,,,,,,,,21.37789264436214,19.460416378929818,南城元岭,东莞,113.7533,23.0202,N
3627A,,,,,,,,21.526389505604456,20.282332955918747,东城主山,东莞,113.7875,23.0457,N
3628A,,,,,,,,23.972924887054337,19.860747918865798,文笔,云浮,112.0336,22.9374,N
3629A,,,,,,,,35.01393064930956,31.96158587559947,世纪职校,西宁,101.8305,36.5786,N
3630A,,,,,,,,38.41605329446752,35.80398888474139,师大城西校区,西宁,101.7413,36.6397,N
3633A,,,,,,,,34.69144116242534,33.98019672354761,雨山,马鞍山,118.4918,31.6809,N
3634A,,,,,,,,43.57362958712766,41.61544699723917,宿州学院,宿州,116.9884,33.6305,N
3635A,,,,,,,,49.323550879933116,50.769214710247674,河科大西苑校区,洛阳,112.3677,34.662,N
3636A,,,,,,,,44.78635305217161,47.33188732936204,英才小学,洛阳,112.4388,34.6781,N
3638A,,,,,,,,41.33223839076098,38.63883731450971,轻化工大学,自贡,104.7636,29.3338,N
3639A,,,,,,,,37.80506909136725,33.20740993008851,市教育局,德阳,104.4019,31.1244,N
3647A,,,,,,,,51.182151335235076,50.574633040653545,菏泽医专,菏泽,115.4702,35.2706,N
3648A,,,,,,,,39.139011119791434,34.83256061697585,文卫南街,吴忠,106.2112,37.9768,N
3650A,,,,,,,,41.84119462787129,38.545784043564744,沙坡头区政府站,中卫,105.1698,37.5162,N
3651A,,,,,,,,37.5027165431387,40.29662857083695,旺旺集团,铜川,108.9543,34.8732,N
3652A,,,,,,,,33.7644834362907,29.545564700946855,西北局旧址,延安,109.4809,36.5786,N
3653A,,,,,,,,36.74686140960573,35.39079884933054,云深路,宜昌,111.3119,30.7273,N
3654A,,,,,,,,36.19175472884137,35.13348934253311,精准医疗中心,鄂州,114.8094,30.4089,N
3655A,,,,,,,,33.535951342781104,33.82141602002573,长江产业园,咸宁,114.3375,29.8683,N
3656A,,,,,,,,30.48476324357687,30.12415098080086,消防大队,杭州,120.1556,30.2864,N
3658A,,,,,,,,27.759390096389048,27.95155689676931,袍江中学,绍兴,120.6153,30.0764,N
3659A,,,,,,,,24.050725948971156,24.68905025292159,气象局,金华,119.656,29.1131,N
3661A,,,,,,,,,,坝陵桥,太原,112.5667,37.8875,N
3664A,,,,,,,,31.021852001329123,28.361521015772304,连云街道,连云港,119.4172,34.7341,N
3665A,,,,,,,,42.55842502558293,46.453425045375845,克州文化中心,克孜勒苏柯尔克孜自治州,76.1658,39.7157,N
3669A,,,,,,,,52.80041210307343,54.009283998127756,左辅环卫站,安阳,114.4705,36.0637,N
3671A,,,,,,,,33.458542224380054,29.72421233703786,门头沟三家店,北京,116.088,39.9726,N
3672A,,,,,,,,33.850056816004006,31.195792184028132,丰台云岗,北京,116.1541,39.8204,N
3673A,,,,,,,,37.253391293342474,33.94603007413566,通州东关,北京,116.6804,39.9081,N
3674A,,,,,,,,33.87032551712074,30.70440500779867,房山燕山,北京,115.9577,39.7603,N
3675A,,,,,,,,36.229951014357,32.61164331105197,大兴旧宫,北京,116.4672,39.7733,N
3689A,,,,,,,,,55.10692979916575,行政服务中心,新乡,113.9003,35.372,N
3694A,,,,,,,,29.77461495598925,26.535667806912492,延庆石河营,北京,115.986,40.4563,N
3695A,,,,,,,,31.032758275340953,26.870471656081744,怀柔新城,北京,116.6151,40.3053,N
3696A,,,,,,,,37.699049752902226,33.33191498597918,丰台小屯,北京,116.2545,39.8768,N
3697A,,,,,,,,32.3688867130393,26.474400117352758,密云镇,北京,116.84,40.3844,N
3860A,,,,,,,,,37.01788797322608,,,,,
3861A,,,,,,,,,32.08680089720141,,,,,
3866A,,,,,,,,,28.067183335340804,,,,,
3867A,,,,,,,,,33.19555199779667,,,,,
